0.01, 0.010000, 0.999559, -0.098100, -0.098100, -9.810000, -9.810000, 0.700000, 0.100000
0.02, 0.020000, 0.998136, -0.196200, -0.196200, -9.810000, -9.810000, 0.700000, 0.100000
0.03, 0.030000, 0.995733, -0.294300, -0.294300, -9.810000, -9.810000, 0.700000, 0.100000
0.04, 0.040000, 0.992348, -0.392400, -0.392400, -9.810000, -9.810000, 0.700000, 0.100000
0.05, 0.050000, 0.987983, -0.490500, -0.490500, -9.810000, -9.810000, 0.700000, 0.100000
0.06, 0.060000, 0.982636, -0.588600, -0.588600, -9.810000, -9.810000, 0.700000, 0.100000
0.07, 0.070000, 0.976309, -0.686700, -0.686700, -9.810000, -9.810000, 0.700000, 0.100000
0.08, 0.080000, 0.969000, -0.784800, -0.784800, -9.810000, -9.810000, 0.700000, 0.100000
0.09, 0.090000, 0.960711, -0.882900, -0.882900, -9.810000, -9.810000, 0.700000, 0.100000
0.1, 0.100000, 0.951441, -0.981000, -0.981000, -9.810000, -9.810000, 0.700000, 0.100000
0.11, 0.110000, 0.941189, -1.079100, -1.079100, -9.810000, -9.810000, 0.700000, 0.100000
0.12, 0.120000, 0.929957, -1.177200, -1.177200, -9.810000, -9.810000, 0.700000, 0.100000
0.13, 0.130000, 0.917743, -1.275300, -1.275300, -9.810000, -9.810000, 0.700000, 0.100000
0.14, 0.140000, 0.904549, -1.373400, -1.373400, -9.810000, -9.810000, 0.700000, 0.100000
0.15, 0.150000, 0.890373, -1.471500, -1.471500, -9.810000, -9.810000, 0.700000, 0.100000
0.16, 0.160000, 0.875217, -1.569600, -1.569600, -9.810000, -9.810000, 0.700000, 0.100000
0.17, 0.170000, 0.859079, -1.667700, -1.667700, -9.810000, -9.810000, 0.700000, 0.100000
0.18, 0.180000, 0.841961, -1.765800, -1.765800, -9.810000, -9.810000, 0.700000, 0.100000
0.19, 0.190000, 0.823861, -1.863900, -1.863900, -9.810000, -9.810000, 0.700000, 0.100000
0.2, 0.200000, 0.804781, -1.962000, -1.962000, -9.810000, -9.810000, 0.700000, 0.100000
0.21, 0.210000, 0.784720, -2.060100, -2.060100, -9.810000, -9.810000, 0.700000, 0.100000
0.22, 0.220000, 0.763677, -2.158200, -2.158200, -9.810000, -9.810000, 0.700000, 0.100000
0.23, 0.230000, 0.741654, -2.256300, -2.256300, -9.810000, -9.810000, 0.700000, 0.100000
0.24, 0.240000, 0.718649, -2.354400, -2.354400, -9.810000, -9.810000, 0.700000, 0.100000
0.25, 0.250000, 0.694664, -2.452500, -2.452500, -9.810000, -9.810000, 0.700000, 0.100000
0.26, 0.260000, 0.669697, -2.550600, -2.550600, -9.810000, -9.810000, 0.700000, 0.100000
0.27, 0.270000, 0.643750, -2.648700, -2.648700, -9.810000, -9.810000, 0.700000, 0.100000
0.28, 0.280000, 0.616821, -2.746800, -2.746800, -9.810000, -9.810000, 0.700000, 0.100000
0.29, 0.290000, 0.588912, -2.844900, -2.844900, -9.810000, -9.810000, 0.700000, 0.100000
0.3, 0.300000, 0.560021, -2.943000, -2.943000, -9.810000, -9.810000, 0.700000, 0.100000
0.31, 0.310000, 0.530150, -3.041100, -3.041100, -9.810000, -9.810000, 0.700000, 0.100000
0.32, 0.320000, 0.499298, -3.139200, -3.139200, -9.810000, -9.810000, 0.700000, 0.100000
0.33, 0.330000, 0.467464, -3.237300, -3.237300, -9.810000, -9.810000, 0.700000, 0.100000
0.34, 0.340000, 0.434650, -3.335400, -3.335400, -9.810000, -9.810000, 0.700000, 0.100000
0.35, 0.350000, 0.400854, -3.433500, -3.433500, -9.810000, -9.810000, 0.700000, 0.100000
0.36, 0.360000, 0.366078, -3.531600, -3.531600, -9.810000, -9.810000, 0.700000, 0.100000
0.37, 0.370000, 0.330320, -3.629700, -3.629700, -9.810000, -9.810000, 0.700000, 0.100000
0.38, 0.380000, 0.293582, -3.727800, -3.727800, -9.810000, -9.810000, 0.700000, 0.100000
0.39, 0.390000, 0.255862, -3.825900, -3.825900, -9.810000, -9.810000, 0.700000, 0.100000
0.4, 0.400000, 0.217162, -3.924000, -3.924000, -9.810000, -9.810000, 0.700000, 0.100000
0.41, 0.410000, 0.177481, -4.022100, -4.022100, -9.810000, -9.810000, 0.700000, 0.100000
0.42, 0.420000, 0.136818, -4.120200, -4.120200, -9.810000, -9.810000, 0.700000, 0.100000
0.43, 0.430000, 0.095175, -4.218300, -4.218300, -9.810000, -9.810000, 0.700000, 0.100000
0.44, 0.440000, 0.052550, -4.316400, -4.316400, -9.810000, -9.810000, 0.700000, 0.100000
0.45, 0.450000, 0.008945, -4.414500, -4.414500, -9.810000, -9.810000, 0.700000, 0.100000
0.46, 0.460000, 0.021569, 3.042081, 3.042081, -9.810000, -9.810000, 0.700000, 0.100000
0.47, 0.470000, 0.051549, 2.943981, 2.943981, -9.810000, -9.810000, 0.700000, 0.100000
0.48, 0.480000, 0.080547, 2.845881, 2.845881, -9.810000, -9.810000, 0.700000, 0.100000
0.49, 0.490000, 0.108564, 2.747781, 2.747781, -9.810000, -9.810000, 0.700000, 0.100000
0.5, 0.500000, 0.135601, 2.649681, 2.649681, -9.810000, -9.810000, 0.700000, 0.100000
0.51, 0.510000, 0.161656, 2.551581, 2.551581, -9.810000, -9.810000, 0.700000, 0.100000
0.52, 0.520000, 0.186730, 2.453481, 2.453481, -9.810000, -9.810000, 0.700000, 0.100000
0.53, 0.530000, 0.210824, 2.355381, 2.355381, -9.810000, -9.810000, 0.700000, 0.100000
0.54, 0.540000, 0.233936, 2.257281, 2.257281, -9.810000, -9.810000, 0.700000, 0.100000
0.55, 0.550000, 0.256067, 2.159181, 2.159181, -9.810000, -9.810000, 0.700000, 0.100000
0.56, 0.560000, 0.277218, 2.061081, 2.061081, -9.810000, -9.810000, 0.700000, 0.100000
0.57, 0.570000, 0.297387, 1.962981, 1.962981, -9.810000, -9.810000, 0.700000, 0.100000
0.58, 0.580000, 0.316576, 1.864881, 1.864881, -9.810000, -9.810000, 0.700000, 0.100000
0.59, 0.590000, 0.334783, 1.766781, 1.766781, -9.810000, -9.810000, 0.700000, 0.100000
0.6, 0.600000, 0.352009, 1.668681, 1.668681, -9.810000, -9.810000, 0.700000, 0.100000
0.61, 0.610000, 0.368255, 1.570581, 1.570581, -9.810000, -9.810000, 0.700000, 0.100000
0.62, 0.620000, 0.383519, 1.472481, 1.472481, -9.810000, -9.810000, 0.700000, 0.100000
0.63, 0.630000, 0.397802, 1.374381, 1.374381, -9.810000, -9.810000, 0.700000, 0.100000
0.64, 0.640000, 0.411105, 1.276281, 1.276281, -9.810000, -9.810000, 0.700000, 0.100000
0.65, 0.650000, 0.423426, 1.178181, 1.178181, -9.810000, -9.810000, 0.700000, 0.100000
0.66, 0.660000, 0.434766, 1.080081, 1.080081, -9.810000, -9.810000, 0.700000, 0.100000
0.67, 0.670000, 0.445126, 0.981981, 0.981981, -9.810000, -9.810000, 0.700000, 0.100000
0.68, 0.680000, 0.454504, 0.883881, 0.883881, -9.810000, -9.810000, 0.700000, 0.100000
0.69, 0.690000, 0.462902, 0.785781, 0.785781, -9.810000, -9.810000, 0.700000, 0.100000
0.7, 0.700000, 0.470318, 0.687681, 0.687681, -9.810000, -9.810000, 0.700000, 0.100000
0.71, 0.710000, 0.476753, 0.589581, 0.589581, -9.810000, -9.810000, 0.700000, 0.100000
0.72, 0.720000, 0.482208, 0.491481, 0.491481, -9.810000, -9.810000, 0.700000, 0.100000
0.73, 0.730000, 0.486681, 0.393381, 0.393381, -9.810000, -9.810000, 0.700000, 0.100000
0.74, 0.740000, 0.490173, 0.295281, 0.295281, -9.810000, -9.810000, 0.700000, 0.100000
0.75, 0.750000, 0.492685, 0.197181, 0.197181, -9.810000, -9.810000, 0.700000, 0.100000
0.76, 0.760000, 0.494215, 0.099081, 0.099081, -9.810000, -9.810000, 0.700000, 0.100000
0.77, 0.770000, 0.494764, 0.000981, 0.000981, -9.810000, -9.810000, 0.700000, 0.100000
0.78, 0.780000, 0.494333, -0.097119, -0.097119, -9.810000, -9.810000, 0.700000, 0.100000
0.79, 0.790000, 0.492920, -0.195219, -0.195219, -9.810000, -9.810000, 0.700000, 0.100000
0.8, 0.800000, 0.490526, -0.293319, -0.293319, -9.810000, -9.810000, 0.700000, 0.100000
0.81, 0.810000, 0.487152, -0.391419, -0.391419, -9.810000, -9.810000, 0.700000, 0.100000
0.82, 0.820000, 0.482796, -0.489519, -0.489519, -9.810000, -9.810000, 0.700000, 0.100000
0.83, 0.830000, 0.477460, -0.587619, -0.587619, -9.810000, -9.810000, 0.700000, 0.100000
0.84, 0.840000, 0.471142, -0.685719, -0.685719, -9.810000, -9.810000, 0.700000, 0.100000
0.85, 0.850000, 0.463843, -0.783819, -0.783819, -9.810000, -9.810000, 0.700000, 0.100000
0.86, 0.860000, 0.455564, -0.881919, -0.881919, -9.810000, -9.810000, 0.700000, 0.100000
0.87, 0.870000, 0.446303, -0.980019, -0.980019, -9.810000, -9.810000, 0.700000, 0.100000
0.88, 0.880000, 0.436061, -1.078119, -1.078119, -9.810000, -9.810000, 0.700000, 0.100000
0.89, 0.890000, 0.424839, -1.176219, -1.176219, -9.810000, -9.810000, 0.700000, 0.100000
0.9, 0.900000, 0.412635, -1.274319, -1.274319, -9.810000, -9.810000, 0.700000, 0.100000
0.91, 0.910000, 0.399450, -1.372419, -1.372419, -9.810000, -9.810000, 0.700000, 0.100000
0.92, 0.920000, 0.385285, -1.470519, -1.470519, -9.810000, -9.810000, 0.700000, 0.100000
0.93, 0.930000, 0.370138, -1.568619, -1.568619, -9.810000, -9.810000, 0.700000, 0.100000
0.94, 0.940000, 0.354011, -1.666719, -1.666719, -9.810000, -9.810000, 0.700000, 0.100000
0.95, 0.950000, 0.336902, -1.764819, -1.764819, -9.810000, -9.810000, 0.700000, 0.100000
0.96, 0.960000, 0.318812, -1.862919, -1.862919, -9.810000, -9.810000, 0.700000, 0.100000
0.97, 0.970000, 0.299742, -1.961019, -1.961019, -9.810000, -9.810000, 0.700000, 0.100000
0.98, 0.980000, 0.279690, -2.059119, -2.059119, -9.810000, -9.810000, 0.700000, 0.100000
0.99, 0.990000, 0.258657, -2.157219, -2.157219, -9.810000, -9.810000, 0.700000, 0.100000
1, 1.000000, 0.236644, -2.255319, -2.255319, -9.810000, -9.810000, 0.700000, 0.100000
1.01, 1.010000, 0.213649, -2.353419, -2.353419, -9.810000, -9.810000, 0.700000, 0.100000
1.02, 1.020000, 0.189673, -2.451519, -2.451519, -9.810000, -9.810000, 0.700000, 0.100000
1.03, 1.030000, 0.164717, -2.549619, -2.549619, -9.810000, -9.810000, 0.700000, 0.100000
1.04, 1.040000, 0.138779, -2.647719, -2.647719, -9.810000, -9.810000, 0.700000, 0.100000
1.05, 1.050000, 0.111860, -2.745819, -2.745819, -9.810000, -9.810000, 0.700000, 0.100000
1.06, 1.060000, 0.083961, -2.843919, -2.843919, -9.810000, -9.810000, 0.700000, 0.100000
1.07, 1.070000, 0.055080, -2.942019, -2.942019, -9.810000, -9.810000, 0.700000, 0.100000
1.08, 1.080000, 0.025219, -3.040119, -3.040119, -9.810000, -9.810000, 0.700000, 0.100000
1.09, 1.090000, 0.002190, 2.180076, 2.180076, -9.810000, -9.810000, 0.700000, 0.100000
1.1, 1.100000, 0.023549, 2.081976, 2.081976, -9.810000, -9.810000, 0.700000, 0.100000
1.11, 1.110000, 0.043928, 1.983876, 1.983876, -9.810000, -9.810000, 0.700000, 0.100000
1.12, 1.120000, 0.063325, 1.885776, 1.885776, -9.810000, -9.810000, 0.700000, 0.100000
1.13, 1.130000, 0.081741, 1.787676, 1.787676, -9.810000, -9.810000, 0.700000, 0.100000
1.14, 1.140000, 0.099176, 1.689576, 1.689576, -9.810000, -9.810000, 0.700000, 0.100000
1.15, 1.150000, 0.115631, 1.591476, 1.591476, -9.810000, -9.810000, 0.700000, 0.100000
1.16, 1.160000, 0.131104, 1.493376, 1.493376, -9.810000, -9.810000, 0.700000, 0.100000
1.17, 1.170000, 0.145596, 1.395276, 1.395276, -9.810000, -9.810000, 0.700000, 0.100000
1.18, 1.180000, 0.159108, 1.297176, 1.297176, -9.810000, -9.810000, 0.700000, 0.100000
1.19, 1.190000, 0.171638, 1.199076, 1.199076, -9.810000, -9.810000, 0.700000, 0.100000
1.2, 1.200000, 0.183187, 1.100976, 1.100976, -9.810000, -9.810000, 0.700000, 0.100000
1.21, 1.210000, 0.193756, 1.002876, 1.002876, -9.810000, -9.810000, 0.700000, 0.100000
1.22, 1.220000, 0.203343, 0.904776, 0.904776, -9.810000, -9.810000, 0.700000, 0.100000
1.23, 1.230000, 0.211949, 0.806676, 0.806676, -9.810000, -9.810000, 0.700000, 0.100000
1.24, 1.240000, 0.219575, 0.708576, 0.708576, -9.810000, -9.810000, 0.700000, 0.100000
1.25, 1.250000, 0.226219, 0.610476, 0.610476, -9.810000, -9.810000, 0.700000, 0.100000
1.26, 1.260000, 0.231882, 0.512376, 0.512376, -9.810000, -9.810000, 0.700000, 0.100000
1.27, 1.270000, 0.236565, 0.414276, 0.414276, -9.810000, -9.810000, 0.700000, 0.100000
1.28, 1.280000, 0.240266, 0.316176, 0.316176, -9.810000, -9.810000, 0.700000, 0.100000
1.29, 1.290000, 0.242986, 0.218076, 0.218076, -9.810000, -9.810000, 0.700000, 0.100000
1.3, 1.300000, 0.244725, 0.119976, 0.119976, -9.810000, -9.810000, 0.700000, 0.100000
1.31, 1.310000, 0.245484, 0.021876, 0.021876, -9.810000, -9.810000, 0.700000, 0.100000
1.32, 1.320000, 0.245261, -0.076224, -0.076224, -9.810000, -9.810000, 0.700000, 0.100000
1.33, 1.330000, 0.244057, -0.174324, -0.174324, -9.810000, -9.810000, 0.700000, 0.100000
1.34, 1.340000, 0.241873, -0.272424, -0.272424, -9.810000, -9.810000, 0.700000, 0.100000
1.35, 1.350000, 0.238707, -0.370524, -0.370524, -9.810000, -9.810000, 0.700000, 0.100000
1.36, 1.360000, 0.234560, -0.468624, -0.468624, -9.810000, -9.810000, 0.700000, 0.100000
1.37, 1.370000, 0.229433, -0.566724, -0.566724, -9.810000, -9.810000, 0.700000, 0.100000
1.38, 1.380000, 0.223324, -0.664824, -0.664824, -9.810000, -9.810000, 0.700000, 0.100000
1.39, 1.390000, 0.216234, -0.762924, -0.762924, -9.810000, -9.810000, 0.700000, 0.100000
1.4, 1.400000, 0.208164, -0.861024, -0.861024, -9.810000, -9.810000, 0.700000, 0.100000
1.41, 1.410000, 0.199112, -0.959124, -0.959124, -9.810000, -9.810000, 0.700000, 0.100000
1.42, 1.420000, 0.189079, -1.057224, -1.057224, -9.810000, -9.810000, 0.700000, 0.100000
1.43, 1.430000, 0.178066, -1.155324, -1.155324, -9.810000, -9.810000, 0.700000, 0.100000
1.44, 1.440000, 0.166071, -1.253424, -1.253424, -9.810000, -9.810000, 0.700000, 0.100000
1.45, 1.450000, 0.153095, -1.351524, -1.351524, -9.810000, -9.810000, 0.700000, 0.100000
1.46, 1.460000, 0.139138, -1.449624, -1.449624, -9.810000, -9.810000, 0.700000, 0.100000
1.47, 1.470000, 0.124201, -1.547724, -1.547724, -9.810000, -9.810000, 0.700000, 0.100000
1.48, 1.480000, 0.108282, -1.645824, -1.645824, -9.810000, -9.810000, 0.700000, 0.100000
1.49, 1.490000, 0.091382, -1.743924, -1.743924, -9.810000, -9.810000, 0.700000, 0.100000
1.5, 1.500000, 0.073502, -1.842024, -1.842024, -9.810000, -9.810000, 0.700000, 0.100000
1.51, 1.510000, 0.054640, -1.940124, -1.940124, -9.810000, -9.810000, 0.700000, 0.100000
1.52, 1.520000, 0.034797, -2.038224, -2.038224, -9.810000, -9.810000, 0.700000, 0.100000
1.53, 1.530000, 0.013974, -2.136324, -2.136324, -9.810000, -9.810000, 0.700000, 0.100000
1.54, 1.540000, 0.004601, 1.514066, 1.514066, -9.810000, -9.810000, 0.700000, 0.100000
1.55, 1.550000, 0.019300, 1.415966, 1.415966, -9.810000, -9.810000, 0.700000, 0.100000
1.56, 1.560000, 0.033018, 1.317866, 1.317866, -9.810000, -9.810000, 0.700000, 0.100000
1.57, 1.570000, 0.045756, 1.219766, 1.219766, -9.810000, -9.810000, 0.700000, 0.100000
1.58, 1.580000, 0.057512, 1.121666, 1.121666, -9.810000, -9.810000, 0.700000, 0.100000
1.59, 1.590000, 0.068287, 1.023566, 1.023566, -9.810000, -9.810000, 0.700000, 0.100000
1.6, 1.600000, 0.078081, 0.925466, 0.925466, -9.810000, -9.810000, 0.700000, 0.100000
1.61, 1.610000, 0.086894, 0.827366, 0.827366, -9.810000, -9.810000, 0.700000, 0.100000
1.62, 1.620000, 0.094727, 0.729266, 0.729266, -9.810000, -9.810000, 0.700000, 0.100000
1.63, 1.630000, 0.101578, 0.631166, 0.631166, -9.810000, -9.810000, 0.700000, 0.100000
1.64, 1.640000, 0.107448, 0.533066, 0.533066, -9.810000, -9.810000, 0.700000, 0.100000
1.65, 1.650000, 0.112337, 0.434966, 0.434966, -9.810000, -9.810000, 0.700000, 0.100000
1.66, 1.660000, 0.116246, 0.336866, 0.336866, -9.810000, -9.810000, 0.700000, 0.100000
1.67, 1.670000, 0.119173, 0.238766, 0.238766, -9.810000, -9.810000, 0.700000, 0.100000
1.68, 1.680000, 0.121119, 0.140666, 0.140666, -9.810000, -9.810000, 0.700000, 0.100000
1.69, 1.690000, 0.122084, 0.042566, 0.042566, -9.810000, -9.810000, 0.700000, 0.100000
1.7, 1.700000, 0.122068, -0.055534, -0.055534, -9.810000, -9.810000, 0.700000, 0.100000
1.71, 1.710000, 0.121072, -0.153634, -0.153634, -9.810000, -9.810000, 0.700000, 0.100000
1.72, 1.720000, 0.119094, -0.251734, -0.251734, -9.810000, -9.810000, 0.700000, 0.100000
1.73, 1.730000, 0.116135, -0.349834, -0.349834, -9.810000, -9.810000, 0.700000, 0.100000
1.74, 1.740000, 0.112195, -0.447934, -0.447934, -9.810000, -9.810000, 0.700000, 0.100000
1.75, 1.750000, 0.107274, -0.546034, -0.546034, -9.810000, -9.810000, 0.700000, 0.100000
1.76, 1.760000, 0.101373, -0.644134, -0.644134, -9.810000, -9.810000, 0.700000, 0.100000
1.77, 1.770000, 0.094490, -0.742234, -0.742234, -9.810000, -9.810000, 0.700000, 0.100000
1.78, 1.780000, 0.086626, -0.840334, -0.840334, -9.810000, -9.810000, 0.700000, 0.100000
1.79, 1.790000, 0.077781, -0.938434, -0.938434, -9.810000, -9.810000, 0.700000, 0.100000
1.8, 1.800000, 0.067955, -1.036534, -1.036534, -9.810000, -9.810000, 0.700000, 0.100000
1.81, 1.810000, 0.057149, -1.134634, -1.134634, -9.810000, -9.810000, 0.700000, 0.100000
1.82, 1.820000, 0.045361, -1.232734, -1.232734, -9.810000, -9.810000, 0.700000, 0.100000
1.83, 1.830000, 0.032592, -1.330834, -1.330834, -9.810000, -9.810000, 0.700000, 0.100000
1.84, 1.840000, 0.018842, -1.428934, -1.428934, -9.810000, -9.810000, 0.700000, 0.100000
1.85, 1.850000, 0.004111, -1.527034, -1.527034, -9.810000, -9.810000, 0.700000, 0.100000
1.86, 1.860000, 0.007421, 1.020855, 1.020855, -9.810000, -9.810000, 0.700000, 0.100000
1.87, 1.870000, 0.017188, 0.922755, 0.922755, -9.810000, -9.810000, 0.700000, 0.100000
1.88, 1.880000, 0.025974, 0.824655, 0.824655, -9.810000, -9.810000, 0.700000, 0.100000
1.89, 1.890000, 0.033779, 0.726555, 0.726555, -9.810000, -9.810000, 0.700000, 0.100000
1.9, 1.900000, 0.040603, 0.628455, 0.628455, -9.810000, -9.810000, 0.700000, 0.100000
1.91, 1.910000, 0.046446, 0.530355, 0.530355, -9.810000, -9.810000, 0.700000, 0.100000
1.92, 1.920000, 0.051308, 0.432255, 0.432255, -9.810000, -9.810000, 0.700000, 0.100000
1.93, 1.930000, 0.055189, 0.334155, 0.334155, -9.810000, -9.810000, 0.700000, 0.100000
1.94, 1.940000, 0.058089, 0.236055, 0.236055, -9.810000, -9.810000, 0.700000, 0.100000
1.95, 1.950000, 0.060009, 0.137955, 0.137955, -9.810000, -9.810000, 0.700000, 0.100000
1.96, 1.960000, 0.060947, 0.039855, 0.039855, -9.810000, -9.810000, 0.700000, 0.100000
1.97, 1.970000, 0.060904, -0.058245, -0.058245, -9.810000, -9.810000, 0.700000, 0.100000
1.98, 1.980000, 0.059880, -0.156345, -0.156345, -9.810000, -9.810000, 0.700000, 0.100000
1.99, 1.990000, 0.057875, -0.254445, -0.254445, -9.810000, -9.810000, 0.700000, 0.100000
2, 2.000000, 0.054889, -0.352545, -0.352545, -9.810000, -9.810000, 0.700000, 0.100000
2.01, 2.010000, 0.050922, -0.450645, -0.450645, -9.810000, -9.810000, 0.700000, 0.100000
2.02, 2.020000, 0.045974, -0.548745, -0.548745, -9.810000, -9.810000, 0.700000, 0.100000
2.03, 2.030000, 0.040045, -0.646845, -0.646845, -9.810000, -9.810000, 0.700000, 0.100000
2.04, 2.040000, 0.033135, -0.744945, -0.744945, -9.810000, -9.810000, 0.700000, 0.100000
2.05, 2.050000, 0.025245, -0.843045, -0.843045, -9.810000, -9.810000, 0.700000, 0.100000
2.06, 2.060000, 0.016373, -0.941145, -0.941145, -9.810000, -9.810000, 0.700000, 0.100000
2.07, 2.070000, 0.006520, -1.039245, -1.039245, -9.810000, -9.810000, 0.700000, 0.100000
2.08, 2.080000, 0.002297, 0.746110, 0.746110, -9.810000, -9.810000, 0.700000, 0.100000
2.09, 2.090000, 0.009317, 0.648010, 0.648010, -9.810000, -9.810000, 0.700000, 0.100000
2.1, 2.100000, 0.015356, 0.549910, 0.549910, -9.810000, -9.810000, 0.700000, 0.100000
2.11, 2.110000, 0.020413, 0.451810, 0.451810, -9.810000, -9.810000, 0.700000, 0.100000
2.12, 2.120000, 0.024490, 0.353710, 0.353710, -9.810000, -9.810000, 0.700000, 0.100000
2.13, 2.130000, 0.027585, 0.255610, 0.255610, -9.810000, -9.810000, 0.700000, 0.100000
2.14, 2.140000, 0.029700, 0.157510, 0.157510, -9.810000, -9.810000, 0.700000, 0.100000
2.15, 2.150000, 0.030834, 0.059410, 0.059410, -9.810000, -9.810000, 0.700000, 0.100000
2.16, 2.160000, 0.030986, -0.038690, -0.038690, -9.810000, -9.810000, 0.700000, 0.100000
2.17, 2.170000, 0.030158, -0.136790, -0.136790, -9.810000, -9.810000, 0.700000, 0.100000
2.18, 2.180000, 0.028349, -0.234890, -0.234890, -9.810000, -9.810000, 0.700000, 0.100000
2.19, 2.190000, 0.025558, -0.332990, -0.332990, -9.810000, -9.810000, 0.700000, 0.100000
2.2, 2.200000, 0.021787, -0.431090, -0.431090, -9.810000, -9.810000, 0.700000, 0.100000
2.21, 2.210000, 0.017035, -0.529190, -0.529190, -9.810000, -9.810000, 0.700000, 0.100000
2.22, 2.220000, 0.011301, -0.627290, -0.627290, -9.810000, -9.810000, 0.700000, 0.100000
2.23, 2.230000, 0.004587, -0.725390, -0.725390, -9.810000, -9.810000, 0.700000, 0.100000
2.24, 2.240000, 0.001638, 0.526412, 0.526412, -9.810000, -9.810000, 0.700000, 0.100000
2.25, 2.250000, 0.006461, 0.428312, 0.428312, -9.810000, -9.810000, 0.700000, 0.100000
2.26, 2.260000, 0.010302, 0.330212, 0.330212, -9.810000, -9.810000, 0.700000, 0.100000
2.27, 2.270000, 0.013163, 0.232112, 0.232112, -9.810000, -9.810000, 0.700000, 0.100000
2.28, 2.280000, 0.015043, 0.134012, 0.134012, -9.810000, -9.810000, 0.700000, 0.100000
2.29, 2.290000, 0.015941, 0.035912, 0.035912, -9.810000, -9.810000, 0.700000, 0.100000
2.3, 2.300000, 0.015859, -0.062188, -0.062188, -9.810000, -9.810000, 0.700000, 0.100000
2.31, 2.310000, 0.014796, -0.160288, -0.160288, -9.810000, -9.810000, 0.700000, 0.100000
2.32, 2.320000, 0.012751, -0.258388, -0.258388, -9.810000, -9.810000, 0.700000, 0.100000
2.33, 2.330000, 0.009726, -0.356488, -0.356488, -9.810000, -9.810000, 0.700000, 0.100000
2.34, 2.340000, 0.005720, -0.454588, -0.454588, -9.810000, -9.810000, 0.700000, 0.100000
2.35, 2.350000, 0.000732, -0.552688, -0.552688, -9.810000, -9.810000, 0.700000, 0.100000
2.36, 2.360000, 0.002930, 0.322136, 0.322136, -9.810000, -9.810000, 0.700000, 0.100000
2.37, 2.370000, 0.005710, 0.224036, 0.224036, -9.810000, -9.810000, 0.700000, 0.100000
2.38, 2.380000, 0.007509, 0.125936, 0.125936, -9.810000, -9.810000, 0.700000, 0.100000
2.39, 2.390000, 0.008327, 0.027836, 0.027836, -9.810000, -9.810000, 0.700000, 0.100000
2.4, 2.400000, 0.008164, -0.070264, -0.070264, -9.810000, -9.810000, 0.700000, 0.100000
2.41, 2.410000, 0.007020, -0.168364, -0.168364, -9.810000, -9.810000, 0.700000, 0.100000
2.42, 2.420000, 0.004895, -0.266464, -0.266464, -9.810000, -9.810000, 0.700000, 0.100000
2.43, 2.430000, 0.001789, -0.364564, -0.364564, -9.810000, -9.810000, 0.700000, 0.100000
2.44, 2.440000, 0.001350, 0.240480, 0.240480, -9.810000, -9.810000, 0.700000, 0.100000
2.45, 2.450000, 0.003313, 0.142380, 0.142380, -9.810000, -9.810000, 0.700000, 0.100000
2.46, 2.460000, 0.004295, 0.044280, 0.044280, -9.810000, -9.810000, 0.700000, 0.100000
2.47, 2.470000, 0.004297, -0.053820, -0.053820, -9.810000, -9.810000, 0.700000, 0.100000
2.48, 2.480000, 0.003317, -0.151920, -0.151920, -9.810000, -9.810000, 0.700000, 0.100000
2.49, 2.490000, 0.001356, -0.250020, -0.250020, -9.810000, -9.810000, 0.700000, 0.100000
2.5, 2.500000, 0.000806, 0.176976, 0.176976, -9.810000, -9.810000, 0.700000, 0.100000
2.51, 2.510000, 0.002134, 0.078876, 0.078876, -9.810000, -9.810000, 0.700000, 0.100000
2.52, 2.520000, 0.002482, -0.019224, -0.019224, -9.810000, -9.810000, 0.700000, 0.100000
2.53, 2.530000, 0.001848, -0.117324, -0.117324, -9.810000, -9.810000, 0.700000, 0.100000
2.54, 2.540000, 0.000233, -0.215424, -0.215424, -9.810000, -9.810000, 0.700000, 0.100000
2.55, 2.550000, 0.001042, 0.086051, 0.086051, -9.810000, -9.810000, 0.700000, 0.100000
2.56, 2.560000, 0.001461, -0.012049, -0.012049, -9.810000, -9.810000, 0.700000, 0.100000
2.57, 2.570000, 0.000899, -0.110149, -0.110149, -9.810000, -9.810000, 0.700000, 0.100000
2.58, 2.580000, 0.000346, 0.095743, 0.095743, -9.810000, -9.810000, 0.700000, 0.100000
2.59, 2.590000, 0.000862, -0.002357, -0.002357, -9.810000, -9.810000, 0.700000, 0.100000
2.6, 2.600000, 0.000397, -0.100457, -0.100457, -9.810000, -9.810000, 0.700000, 0.100000
2.61, 2.610000, 0.000000, 0.000000, 0.000000, 0.000000, 0.000000, 0.700000, 0.100000
2.62, 2.620000, 0.000000, 0.000000, 0.000000, 0.000000, 0.000000, 0.700000, 0.100000
2.63, 2.630000, 0.000000, 0.000000, 0.000000, 0.000000, 0.000000, 0.700000, 0.100000
2.64, 2.640000, 0.000000, 0.000000, 0.000000, 0.000000, 0.000000, 0.700000, 0.100000
2.65, 2.650000, 0.000000, 0.000000, 0.000000, 0.000000, 0.000000, 0.700000, 0.100000
2.66, 2.660000, 0.000000, 0.000000, 0.000000, 0.000000, 0.000000, 0.700000, 0.100000
2.67, 2.670000, 0.000000, 0.000000, 0.000000, 0.000000, 0.000000, 0.700000, 0.100000
2.68, 2.680000, 0.000000, 0.000000, 0.000000, 0.000000, 0.000000, 0.700000, 0.100000
2.69, 2.690000, 0.000000, 0.000000, 0.000000, 0.000000, 0.000000, 0.700000, 0.100000
2.7, 2.700000, 0.000000, 0.000000, 0.000000, 0.000000, 0.000000, 0.700000, 0.100000
2.71, 2.710000, 0.000000, 0.000000, 0.000000, 0.000000, 0.000000, 0.700000, 0.100000
2.72, 2.720000, 0.000000, 0.000000, 0.000000, 0.000000, 0.000000, 0.700000, 0.100000
2.73, 2.730000, 0.000000, 0.000000, 0.000000, 0.000000, 0.000000, 0.700000, 0.100000
2.74, 2.740000, 0.000000, 0.000000, 0.000000, 0.000000, 0.000000, 0.700000, 0.100000
2.75, 2.750000, 0.000000, 0.000000, 0.000000, 0.000000, 0.000000, 0.700000, 0.100000
2.76, 2.760000, 0.000000, 0.000000, 0.000000, 0.000000, 0.000000, 0.700000, 0.100000
2.77, 2.770000, 0.000000, 0.000000, 0.000000, 0.000000, 0.000000, 0.700000, 0.100000
2.78, 2.780000, 0.000000, 0.000000, 0.000000, 0.000000, 0.000000, 0.700000, 0.100000
2.79, 2.790000, 0.000000, 0.000000, 0.000000, 0.000000, 0.000000, 0.700000, 0.100000
2.8, 2.800000, 0.000000, 0.000000, 0.000000, 0.000000, 0.000000, 0.700000, 0.100000
2.81, 2.810000, 0.000000, 0.000000, 0.000000, 0.000000, 0.000000, 0.700000, 0.100000
2.82, 2.820000, 0.000000, 0.000000, 0.000000, 0.000000, 0.000000, 0.700000, 0.100000
2.83, 2.830000, 0.000000, 0.000000, 0.000000, 0.000000, 0.000000, 0.700000, 0.100000
2.84, 2.840000, 0.000000, 0.000000, 0.000000, 0.000000, 0.000000, 0.700000, 0.100000
2.85, 2.850000, 0.000000, 0.000000, 0.000000, 0.000000, 0.000000, 0.700000, 0.100000
2.86, 2.860000, 0.000000, 0.000000, 0.000000, 0.000000, 0.000000, 0.700000, 0.100000
2.87, 2.870000, 0.000000, 0.000000, 0.000000, 0.000000, 0.000000, 0.700000, 0.100000
2.88, 2.880000, 0.000000, 0.000000, 0.000000, 0.000000, 0.000000, 0.700000, 0.100000
2.89, 2.890000, 0.000000, 0.000000, 0.000000, 0.000000, 0.000000, 0.700000, 0.100000
2.9, 2.900000, 0.000000, 0.000000, 0.000000, 0.000000, 0.000000, 0.700000, 0.100000
2.91, 2.910000, 0.000000, 0.000000, 0.000000, 0.000000, 0.000000, 0.700000, 0.100000
2.92, 2.920000, 0.000000, 0.000000, 0.000000, 0.000000, 0.000000, 0.700000, 0.100000
2.93, 2.930000, 0.000000, 0.000000, 0.000000, 0.000000, 0.000000, 0.700000, 0.100000
2.94, 2.940000, 0.000000, 0.000000, 0.000000, 0.000000, 0.000000, 0.700000, 0.100000
2.95, 2.950000, 0.000000, 0.000000, 0.000000, 0.000000, 0.000000, 0.700000, 0.100000
2.96, 2.960000, 0.000000, 0.000000, 0.000000, 0.000000, 0.000000, 0.700000, 0.100000
2.97, 2.970000, 0.000000, 0.000000, 0.000000, 0.000000, 0.000000, 0.700000, 0.100000
2.98, 2.980000, 0.000000, 0.000000, 0.000000, 0.000000, 0.000000, 0.700000, 0.100000
2.99, 2.990000, 0.000000, 0.000000, 0.000000, 0.000000, 0.000000, 0.700000, 0.100000
3, 3.000000, 0.000000, 0.000000, 0.000000, 0.000000, 0.000000, 0.700000, 0.100000
3.01, 3.010000, 0.000000, 0.000000, 0.000000, 0.000000, 0.000000, 0.700000, 0.100000
3.02, 3.020000, 0.000000, 0.000000, 0.000000, 0.000000, 0.000000, 0.700000, 0.100000
3.03, 3.030000, 0.000000, 0.000000, 0.000000, 0.000000, 0.000000, 0.700000, 0.100000
3.04, 3.040000, 0.000000, 0.000000, 0.000000, 0.000000, 0.000000, 0.700000, 0.100000
3.05, 3.050000, 0.000000, 0.000000, 0.000000, 0.000000, 0.000000, 0.700000, 0.100000
3.06, 3.060000, 0.000000, 0.000000, 0.000000, 0.000000, 0.000000, 0.700000, 0.100000
3.07, 3.070000, 0.000000, 0.000000, 0.000000, 0.000000, 0.000000, 0.700000, 0.100000
3.08, 3.080000, 0.000000, 0.000000, 0.000000, 0.000000, 0.000000, 0.700000, 0.100000
3.09, 3.090000, 0.000000, 0.000000, 0.000000, 0.000000, 0.000000, 0.700000, 0.100000
3.1, 3.100000, 0.000000, 0.000000, 0.000000, 0.000000, 0.000000, 0.700000, 0.100000
3.11, 3.110000, 0.000000, 0.000000, 0.000000, 0.000000, 0.000000, 0.700000, 0.100000
3.12, 3.120000, 0.000000, 0.000000, 0.000000, 0.000000, 0.000000, 0.700000, 0.100000
3.13, 3.130000, 0.000000, 0.000000, 0.000000, 0.000000, 0.000000, 0.700000, 0.100000
3.14, 3.140000, 0.000000, 0.000000, 0.000000, 0.000000, 0.000000, 0.700000, 0.100000
3.15, 3.150000, 0.000000, 0.000000, 0.000000, 0.000000, 0.000000, 0.700000, 0.100000
3.16, 3.160000, 0.000000, 0.000000, 0.000000, 0.000000, 0.000000, 0.700000, 0.100000
3.17, 3.170000, 0.000000, 0.000000, 0.000000, 0.000000, 0.000000, 0.700000, 0.100000
3.18, 3.180000, 0.000000, 0.000000, 0.000000, 0.000000, 0.000000, 0.700000, 0.100000
3.19, 3.190000, 0.000000, 0.000000, 0.000000, 0.000000, 0.000000, 0.700000, 0.100000
3.2, 3.200000, 0.000000, 0.000000, 0.000000, 0.000000, 0.000000, 0.700000, 0.100000
3.21, 3.210000, 0.000000, 0.000000, 0.000000, 0.000000, 0.000000, 0.700000, 0.100000
3.22, 3.220000, 0.000000, 0.000000, 0.000000, 0.000000, 0.000000, 0.700000, 0.100000
3.23, 3.230000, 0.000000, 0.000000, 0.000000, 0.000000, 0.000000, 0.700000, 0.100000
3.24, 3.240000, 0.000000, 0.000000, 0.000000, 0.000000, 0.000000, 0.700000, 0.100000
3.25, 3.250000, 0.000000, 0.000000, 0.000000, 0.000000, 0.000000, 0.700000, 0.100000
3.26, 3.260000, 0.000000, 0.000000, 0.000000, 0.000000, 0.000000, 0.700000, 0.100000
3.27, 3.270000, 0.000000, 0.000000, 0.000000, 0.000000, 0.000000, 0.700000, 0.100000
3.28, 3.280000, 0.000000, 0.000000, 0.000000, 0.000000, 0.000000, 0.700000, 0.100000
3.29, 3.290000, 0.000000, 0.000000, 0.000000, 0.000000, 0.000000, 0.700000, 0.100000
3.3, 3.300000, 0.000000, 0.000000, 0.000000, 0.000000, 0.000000, 0.700000, 0.100000
3.31, 3.310000, 0.000000, 0.000000, 0.000000, 0.000000, 0.000000, 0.700000, 0.100000
3.32, 3.320000, 0.000000, 0.000000, 0.000000, 0.000000, 0.000000, 0.700000, 0.100000
3.33, 3.330000, 0.000000, 0.000000, 0.000000, 0.000000, 0.000000, 0.700000, 0.100000
3.34, 3.340000, 0.000000, 0.000000, 0.000000, 0.000000, 0.000000, 0.700000, 0.100000
3.35, 3.350000, 0.000000, 0.000000, 0.000000, 0.000000, 0.000000, 0.700000, 0.100000
3.36, 3.360000, 0.000000, 0.000000, 0.000000, 0.000000, 0.000000, 0.700000, 0.100000
3.37, 3.370000, 0.000000, 0.000000, 0.000000, 0.000000, 0.000000, 0.700000, 0.100000
3.38, 3.380000, 0.000000, 0.000000, 0.000000, 0.000000, 0.000000, 0.700000, 0.100000
3.39, 3.390000, 0.000000, 0.000000, 0.000000, 0.000000, 0.000000, 0.700000, 0.100000
3.4, 3.400000, 0.000000, 0.000000, 0.000000, 0.000000, 0.000000, 0.700000, 0.100000
3.41, 3.410000, 0.000000, 0.000000, 0.000000, 0.000000, 0.000000, 0.700000, 0.100000
3.42, 3.420000, 0.000000, 0.000000, 0.000000, 0.000000, 0.000000, 0.700000, 0.100000
3.43, 3.430000, 0.000000, 0.000000, 0.000000, 0.000000, 0.000000, 0.700000, 0.100000
3.44, 3.440000, 0.000000, 0.000000, 0.000000, 0.000000, 0.000000, 0.700000, 0.100000
3.45, 3.450000, 0.000000, 0.000000, 0.000000, 0.000000, 0.000000, 0.700000, 0.100000
3.46, 3.460000, 0.000000, 0.000000, 0.000000, 0.000000, 0.000000, 0.700000, 0.100000
3.47, 3.470000, 0.000000, 0.000000, 0.000000, 0.000000, 0.000000, 0.700000, 0.100000
3.48, 3.480000, 0.000000, 0.000000, 0.000000, 0.000000, 0.000000, 0.700000, 0.100000
3.49, 3.490000, 0.000000, 0.000000, 0.000000, 0.000000, 0.000000, 0.700000, 0.100000
3.5, 3.500000, 0.000000, 0.000000, 0.000000, 0.000000, 0.000000, 0.700000, 0.100000
3.51, 3.510000, 0.000000, 0.000000, 0.000000, 0.000000, 0.000000, 0.700000, 0.100000
3.52, 3.520000, 0.000000, 0.000000, 0.000000, 0.000000, 0.000000, 0.700000, 0.100000
3.53, 3.530000, 0.000000, 0.000000, 0.000000, 0.000000, 0.000000, 0.700000, 0.100000
3.54, 3.540000, 0.000000, 0.000000, 0.000000, 0.000000, 0.000000, 0.700000, 0.100000
3.55, 3.550000, 0.000000, 0.000000, 0.000000, 0.000000, 0.000000, 0.700000, 0.100000
3.56, 3.560000, 0.000000, 0.000000, 0.000000, 0.000000, 0.000000, 0.700000, 0.100000
3.57, 3.570000, 0.000000, 0.000000, 0.000000, 0.000000, 0.000000, 0.700000, 0.100000
3.58, 3.580000, 0.000000, 0.000000, 0.000000, 0.000000, 0.000000, 0.700000, 0.100000
3.59, 3.590000, 0.000000, 0.000000, 0.000000, 0.000000, 0.000000, 0.700000, 0.100000
3.6, 3.600000, 0.000000, 0.000000, 0.000000, 0.000000, 0.000000, 0.700000, 0.100000
3.61, 3.610000, 0.000000, 0.000000, 0.000000, 0.000000, 0.000000, 0.700000, 0.100000
3.62, 3.620000, 0.000000, 0.000000, 0.000000, 0.000000, 0.000000, 0.700000, 0.100000
3.63, 3.630000, 0.000000, 0.000000, 0.000000, 0.000000, 0.000000, 0.700000, 0.100000
3.64, 3.640000, 0.000000, 0.000000, 0.000000, 0.000000, 0.000000, 0.700000, 0.100000
3.65, 3.650000, 0.000000, 0.000000, 0.000000, 0.000000, 0.000000, 0.700000, 0.100000
3.66, 3.660000, 0.000000, 0.000000, 0.000000, 0.000000, 0.000000, 0.700000, 0.100000
3.67, 3.670000, 0.000000, 0.000000, 0.000000, 0.000000, 0.000000, 0.700000, 0.100000
3.68, 3.680000, 0.000000, 0.000000, 0.000000, 0.000000, 0.000000, 0.700000, 0.100000
3.69, 3.690000, 0.000000, 0.000000, 0.000000, 0.000000, 0.000000, 0.700000, 0.100000
3.7, 3.700000, 0.000000, 0.000000, 0.000000, 0.000000, 0.000000, 0.700000, 0.100000
3.71, 3.710000, 0.000000, 0.000000, 0.000000, 0.000000, 0.000000, 0.700000, 0.100000
3.72, 3.720000, 0.000000, 0.000000, 0.000000, 0.000000, 0.000000, 0.700000, 0.100000
3.73, 3.730000, 0.000000, 0.000000, 0.000000, 0.000000, 0.000000, 0.700000, 0.100000
3.74, 3.740000, 0.000000, 0.000000, 0.000000, 0.000000, 0.000000, 0.700000, 0.100000
3.75, 3.750000, 0.000000, 0.000000, 0.000000, 0.000000, 0.000000, 0.700000, 0.100000
3.76, 3.760000, 0.000000, 0.000000, 0.000000, 0.000000, 0.000000, 0.700000, 0.100000
3.77, 3.770000, 0.000000, 0.000000, 0.000000, 0.000000, 0.000000, 0.700000, 0.100000
3.78, 3.780000, 0.000000, 0.000000, 0.000000, 0.000000, 0.000000, 0.700000, 0.100000
3.79, 3.790000, 0.000000, 0.000000, 0.000000, 0.000000, 0.000000, 0.700000, 0.100000
3.8, 3.800000, 0.000000, 0.000000, 0.000000, 0.000000, 0.000000, 0.700000, 0.100000
3.81, 3.810000, 0.000000, 0.000000, 0.000000, 0.000000, 0.000000, 0.700000, 0.100000
3.82, 3.820000, 0.000000, 0.000000, 0.000000, 0.000000, 0.000000, 0.700000, 0.100000
3.83, 3.830000, 0.000000, 0.000000, 0.000000, 0.000000, 0.000000, 0.700000, 0.100000
3.84, 3.840000, 0.000000, 0.000000, 0.000000, 0.000000, 0.000000, 0.700000, 0.100000
3.85, 3.850000, 0.000000, 0.000000, 0.000000, 0.000000, 0.000000, 0.700000, 0.100000
3.86, 3.860000, 0.000000, 0.000000, 0.000000, 0.000000, 0.000000, 0.700000, 0.100000
3.87, 3.870000, 0.000000, 0.000000, 0.000000, 0.000000, 0.000000, 0.700000, 0.100000
3.88, 3.880000, 0.000000, 0.000000, 0.000000, 0.000000, 0.000000, 0.700000, 0.100000
3.89, 3.890000, 0.000000, 0.000000, 0.000000, 0.000000, 0.000000, 0.700000, 0.100000
3.9, 3.900000, 0.000000, 0.000000, 0.000000, 0.000000, 0.000000, 0.700000, 0.100000
3.91, 3.910000, 0.000000, 0.000000, 0.000000, 0.000000, 0.000000, 0.700000, 0.100000
3.92, 3.920000, 0.000000, 0.000000, 0.000000, 0.000000, 0.000000, 0.700000, 0.100000
3.93, 3.930000, 0.000000, 0.000000, 0.000000, 0.000000, 0.000000, 0.700000, 0.100000
3.94, 3.940000, 0.000000, 0.000000, 0.000000, 0.000000, 0.000000, 0.700000, 0.100000
3.95, 3.950000, 0.000000, 0.000000, 0.000000, 0.000000, 0.000000, 0.700000, 0.100000
3.96, 3.960000, 0.000000, 0.000000, 0.000000, 0.000000, 0.000000, 0.700000, 0.100000
3.97, 3.970000, 0.000000, 0.000000, 0.000000, 0.000000, 0.000000, 0.700000, 0.100000
3.98, 3.980000, 0.000000, 0.000000, 0.000000, 0.000000, 0.000000, 0.700000, 0.100000
3.99, 3.990000, 0.000000, 0.000000, 0.000000, 0.000000, 0.000000, 0.700000, 0.100000
4, 4.000000, 0.000000, 0.000000, 0.000000, 0.000000, 0.000000, 0.700000, 0.100000
4.01, 4.010000, 0.000000, 0.000000, 0.000000, 0.000000, 0.000000, 0.700000, 0.100000
4.02, 4.020000, 0.000000, 0.000000, 0.000000, 0.000000, 0.000000, 0.700000, 0.100000
4.03, 4.030000, 0.000000, 0.000000, 0.000000, 0.000000, 0.000000, 0.700000, 0.100000
4.04, 4.040000, 0.000000, 0.000000, 0.000000, 0.000000, 0.000000, 0.700000, 0.100000
4.05, 4.050000, 0.000000, 0.000000, 0.000000, 0.000000, 0.000000, 0.700000, 0.100000
4.06, 4.060000, 0.000000, 0.000000, 0.000000, 0.000000, 0.000000, 0.700000, 0.100000
4.07, 4.070000, 0.000000, 0.000000, 0.000000, 0.000000, 0.000000, 0.700000, 0.100000
4.08, 4.080000, 0.000000, 0.000000, 0.000000, 0.000000, 0.000000, 0.700000, 0.100000
4.09, 4.090000, 0.000000, 0.000000, 0.000000, 0.000000, 0.000000, 0.700000, 0.100000
4.1, 4.100000, 0.000000, 0.000000, 0.000000, 0.000000, 0.000000, 0.700000, 0.100000
4.11, 4.110000, 0.000000, 0.000000, 0.000000, 0.000000, 0.000000, 0.700000, 0.100000
4.12, 4.120000, 0.000000, 0.000000, 0.000000, 0.000000, 0.000000, 0.700000, 0.100000
4.13, 4.130000, 0.000000, 0.000000, 0.000000, 0.000000, 0.000000, 0.700000, 0.100000
4.14, 4.140000, 0.000000, 0.000000, 0.000000, 0.000000, 0.000000, 0.700000, 0.100000
4.15, 4.150000, 0.000000, 0.000000, 0.000000, 0.000000, 0.000000, 0.700000, 0.100000
4.16, 4.160000, 0.000000, 0.000000, 0.000000, 0.000000, 0.000000, 0.700000, 0.100000
4.17, 4.170000, 0.000000, 0.000000, 0.000000, 0.000000, 0.000000, 0.700000, 0.100000
4.18, 4.180000, 0.000000, 0.000000, 0.000000, 0.000000, 0.000000, 0.700000, 0.100000
4.19, 4.190000, 0.000000, 0.000000, 0.000000, 0.000000, 0.000000, 0.700000, 0.100000
4.2, 4.200000, 0.000000, 0.000000, 0.000000, 0.000000, 0.000000, 0.700000, 0.100000
4.21, 4.210000, 0.000000, 0.000000, 0.000000, 0.000000, 0.000000, 0.700000, 0.100000
4.22, 4.220000, 0.000000, 0.000000, 0.000000, 0.000000, 0.000000, 0.700000, 0.100000
4.23, 4.230000, 0.000000, 0.000000, 0.000000, 0.000000, 0.000000, 0.700000, 0.100000
4.24, 4.240000, 0.000000, 0.000000, 0.000000, 0.000000, 0.000000, 0.700000, 0.100000
4.25, 4.250000, 0.000000, 0.000000, 0.000000, 0.000000, 0.000000, 0.700000, 0.100000
4.26, 4.260000, 0.000000, 0.000000, 0.000000, 0.000000, 0.000000, 0.700000, 0.100000
4.27, 4.270000, 0.000000, 0.000000, 0.000000, 0.000000, 0.000000, 0.700000, 0.100000
4.28, 4.280000, 0.000000, 0.000000, 0.000000, 0.000000, 0.000000, 0.700000, 0.100000
4.29, 4.290000, 0.000000, 0.000000, 0.000000, 0.000000, 0.000000, 0.700000, 0.100000
4.3, 4.300000, 0.000000, 0.000000, 0.000000, 0.000000, 0.000000, 0.700000, 0.100000
4.31, 4.310000, 0.000000, 0.000000, 0.000000, 0.000000, 0.000000, 0.700000, 0.100000
4.32, 4.320000, 0.000000, 0.000000, 0.000000, 0.000000, 0.000000, 0.700000, 0.100000
4.33, 4.330000, 0.000000, 0.000000, 0.000000, 0.000000, 0.000000, 0.700000, 0.100000
4.34, 4.340000, 0.000000, 0.000000, 0.000000, 0.000000, 0.000000, 0.700000, 0.100000
4.35, 4.350000, 0.000000, 0.000000, 0.000000, 0.000000, 0.000000, 0.700000, 0.100000
4.36, 4.360000, 0.000000, 0.000000, 0.000000, 0.000000, 0.000000, 0.700000, 0.100000
4.37, 4.370000, 0.000000, 0.000000, 0.000000, 0.000000, 0.000000, 0.700000, 0.100000
4.38, 4.380000, 0.000000, 0.000000, 0.000000, 0.000000, 0.000000, 0.700000, 0.100000
4.39, 4.390000, 0.000000, 0.000000, 0.000000, 0.000000, 0.000000, 0.700000, 0.100000
4.4, 4.400000, 0.000000, 0.000000, 0.000000, 0.000000, 0.000000, 0.700000, 0.100000
4.41, 4.410000, 0.000000, 0.000000, 0.000000, 0.000000, 0.000000, 0.700000, 0.100000
4.42, 4.420000, 0.000000, 0.000000, 0.000000, 0.000000, 0.000000, 0.700000, 0.100000
4.43, 4.430000, 0.000000, 0.000000, 0.000000, 0.000000, 0.000000, 0.700000, 0.100000
4.44, 4.440000, 0.000000, 0.000000, 0.000000, 0.000000, 0.000000, 0.700000, 0.100000
4.45, 4.450000, 0.000000, 0.000000, 0.000000, 0.000000, 0.000000, 0.700000, 0.100000
4.46, 4.460000, 0.000000, 0.000000, 0.000000, 0.000000, 0.000000, 0.700000, 0.100000
4.47, 4.470000, 0.000000, 0.000000, 0.000000, 0.000000, 0.000000, 0.700000, 0.100000
4.48, 4.480000, 0.000000, 0.000000, 0.000000, 0.000000, 0.000000, 0.700000, 0.100000
4.49, 4.490000, 0.000000, 0.000000, 0.000000, 0.000000, 0.000000, 0.700000, 0.100000
4.5, 4.500000, 0.000000, 0.000000, 0.000000, 0.000000, 0.000000, 0.700000, 0.100000
4.51, 4.510000, 0.000000, 0.000000, 0.000000, 0.000000, 0.000000, 0.700000, 0.100000
4.52, 4.520000, 0.000000, 0.000000, 0.000000, 0.000000, 0.000000, 0.700000, 0.100000
4.53, 4.530000, 0.000000, 0.000000, 0.000000, 0.000000, 0.000000, 0.700000, 0.100000
4.54, 4.540000, 0.000000, 0.000000, 0.000000, 0.000000, 0.000000, 0.700000, 0.100000
4.55, 4.550000, 0.000000, 0.000000, 0.000000, 0.000000, 0.000000, 0.700000, 0.100000
4.56, 4.560000, 0.000000, 0.000000, 0.000000, 0.000000, 0.000000, 0.700000, 0.100000
4.57, 4.570000, 0.000000, 0.000000, 0.000000, 0.000000, 0.000000, 0.700000, 0.100000
4.58, 4.580000, 0.000000, 0.000000, 0.000000, 0.000000, 0.000000, 0.700000, 0.100000
4.59, 4.590000, 0.000000, 0.000000, 0.000000, 0.000000, 0.000000, 0.700000, 0.100000
4.6, 4.600000, 0.000000, 0.000000, 0.000000, 0.000000, 0.000000, 0.700000, 0.100000
4.61, 4.610000, 0.000000, 0.000000, 0.000000, 0.000000, 0.000000, 0.700000, 0.100000
4.62, 4.620000, 0.000000, 0.000000, 0.000000, 0.000000, 0.000000, 0.700000, 0.100000
4.63, 4.630000, 0.000000, 0.000000, 0.000000, 0.000000, 0.000000, 0.700000, 0.100000
4.64, 4.640000, 0.000000, 0.000000, 0.000000, 0.000000, 0.000000, 0.700000, 0.100000
4.65, 4.650000, 0.000000, 0.000000, 0.000000, 0.000000, 0.000000, 0.700000, 0.100000
4.66, 4.660000, 0.000000, 0.000000, 0.000000, 0.000000, 0.000000, 0.700000, 0.100000
4.67, 4.670000, 0.000000, 0.000000, 0.000000, 0.000000, 0.000000, 0.700000, 0.100000
4.68, 4.680000, 0.000000, 0.000000, 0.000000, 0.000000, 0.000000, 0.700000, 0.100000
4.69, 4.690000, 0.000000, 0.000000, 0.000000, 0.000000, 0.000000, 0.700000, 0.100000
4.7, 4.700000, 0.000000, 0.000000, 0.000000, 0.000000, 0.000000, 0.700000, 0.100000
4.71, 4.710000, 0.000000, 0.000000, 0.000000, 0.000000, 0.000000, 0.700000, 0.100000
4.72, 4.720000, 0.000000, 0.000000, 0.000000, 0.000000, 0.000000, 0.700000, 0.100000
4.73, 4.730000, 0.000000, 0.000000, 0.000000, 0.000000, 0.000000, 0.700000, 0.100000
4.74, 4.740000, 0.000000, 0.000000, 0.000000, 0.000000, 0.000000, 0.700000, 0.100000
4.75, 4.750000, 0.000000, 0.000000, 0.000000, 0.000000, 0.000000, 0.700000, 0.100000
4.76, 4.760000, 0.000000, 0.000000, 0.000000, 0.000000, 0.000000, 0.700000, 0.100000
4.77, 4.770000, 0.000000, 0.000000, 0.000000, 0.000000, 0.000000, 0.700000, 0.100000
4.78, 4.780000, 0.000000, 0.000000, 0.000000, 0.000000, 0.000000, 0.700000, 0.100000
4.79, 4.790000, 0.000000, 0.000000, 0.000000, 0.000000, 0.000000, 0.700000, 0.100000
4.8, 4.800000, 0.000000, 0.000000, 0.000000, 0.000000, 0.000000, 0.700000, 0.100000
4.81, 4.810000, 0.000000, 0.000000, 0.000000, 0.000000, 0.000000, 0.700000, 0.100000
4.82, 4.820000, 0.000000, 0.000000, 0.000000, 0.000000, 0.000000, 0.700000, 0.100000
4.83, 4.830000, 0.000000, 0.000000, 0.000000, 0.000000, 0.000000, 0.700000, 0.100000
4.84, 4.840000, 0.000000, 0.000000, 0.000000, 0.000000, 0.000000, 0.700000, 0.100000
4.85, 4.850000, 0.000000, 0.000000, 0.000000, 0.000000, 0.000000, 0.700000, 0.100000
4.86, 4.860000, 0.000000, 0.000000, 0.000000, 0.000000, 0.000000, 0.700000, 0.100000
4.87, 4.870000, 0.000000, 0.000000, 0.000000, 0.000000, 0.000000, 0.700000, 0.100000
4.88, 4.880000, 0.000000, 0.000000, 0.000000, 0.000000, 0.000000, 0.700000, 0.100000
4.89, 4.890000, 0.000000, 0.000000, 0.000000, 0.000000, 0.000000, 0.700000, 0.100000
4.9, 4.900000, 0.000000, 0.000000, 0.000000, 0.000000, 0.000000, 0.700000, 0.100000
4.91, 4.910000, 0.000000, 0.000000, 0.000000, 0.000000, 0.000000, 0.700000, 0.100000
4.92, 4.920000, 0.000000, 0.000000, 0.000000, 0.000000, 0.000000, 0.700000, 0.100000
4.93, 4.930000, 0.000000, 0.000000, 0.000000, 0.000000, 0.000000, 0.700000, 0.100000
4.94, 4.940000, 0.000000, 0.000000, 0.000000, 0.000000, 0.000000, 0.700000, 0.100000
4.95, 4.950000, 0.000000, 0.000000, 0.000000, 0.000000, 0.000000, 0.700000, 0.100000
4.96, 4.960000, 0.000000, 0.000000, 0.000000, 0.000000, 0.000000, 0.700000, 0.100000
4.97, 4.970000, 0.000000, 0.000000, 0.000000, 0.000000, 0.000000, 0.700000, 0.100000
4.98, 4.980000, 0.000000, 0.000000, 0.000000, 0.000000, 0.000000, 0.700000, 0.100000
4.99, 4.990000, 0.000000, 0.000000, 0.000000, 0.000000, 0.000000, 0.700000, 0.100000
5, 5.000000, 0.000000, 0.000000, 0.000000, 0.000000, 0.000000, 0.700000, 0.100000
5.01, 5.010000, 0.000000, 0.000000, 0.000000, 0.000000, 0.000000, 0.700000, 0.100000
5.02, 5.020000, 0.000000, 0.000000, 0.000000, 0.000000, 0.000000, 0.700000, 0.100000
5.03, 5.030000, 0.000000, 0.000000, 0.000000, 0.000000, 0.000000, 0.700000, 0.100000
5.04, 5.040000, 0.000000, 0.000000, 0.000000, 0.000000, 0.000000, 0.700000, 0.100000
5.05, 5.050000, 0.000000, 0.000000, 0.000000, 0.000000, 0.000000, 0.700000, 0.100000
5.06, 5.060000, 0.000000, 0.000000, 0.000000, 0.000000, 0.000000, 0.700000, 0.100000
5.07, 5.070000, 0.000000, 0.000000, 0.000000, 0.000000, 0.000000, 0.700000, 0.100000
5.08, 5.080000, 0.000000, 0.000000, 0.000000, 0.000000, 0.000000, 0.700000, 0.100000
5.09, 5.090000, 0.000000, 0.000000, 0.000000, 0.000000, 0.000000, 0.700000, 0.100000
5.1, 5.100000, 0.000000, 0.000000, 0.000000, 0.000000, 0.000000, 0.700000, 0.100000
5.11, 5.110000, 0.000000, 0.000000, 0.000000, 0.000000, 0.000000, 0.700000, 0.100000
5.12, 5.120000, 0.000000, 0.000000, 0.000000, 0.000000, 0.000000, 0.700000, 0.100000
5.13, 5.130000, 0.000000, 0.000000, 0.000000, 0.000000, 0.000000, 0.700000, 0.100000
5.14, 5.140000, 0.000000, 0.000000, 0.000000, 0.000000, 0.000000, 0.700000, 0.100000
5.15, 5.150000, 0.000000, 0.000000, 0.000000, 0.000000, 0.000000, 0.700000, 0.100000
5.16, 5.160000, 0.000000, 0.000000, 0.000000, 0.000000, 0.000000, 0.700000, 0.100000
5.17, 5.170000, 0.000000, 0.000000, 0.000000, 0.000000, 0.000000, 0.700000, 0.100000
5.18, 5.180000, 0.000000, 0.000000, 0.000000, 0.000000, 0.000000, 0.700000, 0.100000
5.19, 5.190000, 0.000000, 0.000000, 0.000000, 0.000000, 0.000000, 0.700000, 0.100000
5.2, 5.200000, 0.000000, 0.000000, 0.000000, 0.000000, 0.000000, 0.700000, 0.100000
5.21, 5.210000, 0.000000, 0.000000, 0.000000, 0.000000, 0.000000, 0.700000, 0.100000
5.22, 5.220000, 0.000000, 0.000000, 0.000000, 0.000000, 0.000000, 0.700000, 0.100000
5.23, 5.230000, 0.000000, 0.000000, 0.000000, 0.000000, 0.000000, 0.700000, 0.100000
5.24, 5.240000, 0.000000, 0.000000, 0.000000, 0.000000, 0.000000, 0.700000, 0.100000
5.25, 5.250000, 0.000000, 0.000000, 0.000000, 0.000000, 0.000000, 0.700000, 0.100000
5.26, 5.260000, 0.000000, 0.000000, 0.000000, 0.000000, 0.000000, 0.700000, 0.100000
5.27, 5.270000, 0.000000, 0.000000, 0.000000, 0.000000, 0.000000, 0.700000, 0.100000
5.28, 5.280000, 0.000000, 0.000000, 0.000000, 0.000000, 0.000000, 0.700000, 0.100000
5.29, 5.290000, 0.000000, 0.000000, 0.000000, 0.000000, 0.000000, 0.700000, 0.100000
5.3, 5.300000, 0.000000, 0.000000, 0.000000, 0.000000, 0.000000, 0.700000, 0.100000
5.31, 5.310000, 0.000000, 0.000000, 0.000000, 0.000000, 0.000000, 0.700000, 0.100000
5.32, 5.320000, 0.000000, 0.000000, 0.000000, 0.000000, 0.000000, 0.700000, 0.100000
5.33, 5.330000, 0.000000, 0.000000, 0.000000, 0.000000, 0.000000, 0.700000, 0.100000
5.34, 5.340000, 0.000000, 0.000000, 0.000000, 0.000000, 0.000000, 0.700000, 0.100000
5.35, 5.350000, 0.000000, 0.000000, 0.000000, 0.000000, 0.000000, 0.700000, 0.100000
5.36, 5.360000, 0.000000, 0.000000, 0.000000, 0.000000, 0.000000, 0.700000, 0.100000
5.37, 5.370000, 0.000000, 0.000000, 0.000000, 0.000000, 0.000000, 0.700000, 0.100000
5.38, 5.380000, 0.000000, 0.000000, 0.000000, 0.000000, 0.000000, 0.700000, 0.100000
5.39, 5.390000, 0.000000, 0.000000, 0.000000, 0.000000, 0.000000, 0.700000, 0.100000
5.4, 5.400000, 0.000000, 0.000000, 0.000000, 0.000000, 0.000000, 0.700000, 0.100000
5.41, 5.410000, 0.000000, 0.000000, 0.000000, 0.000000, 0.000000, 0.700000, 0.100000
5.42, 5.420000, 0.000000, 0.000000, 0.000000, 0.000000, 0.000000, 0.700000, 0.100000
5.43, 5.430000, 0.000000, 0.000000, 0.000000, 0.000000, 0.000000, 0.700000, 0.100000
5.44, 5.440000, 0.000000, 0.000000, 0.000000, 0.000000, 0.000000, 0.700000, 0.100000
5.45, 5.450000, 0.000000, 0.000000, 0.000000, 0.000000, 0.000000, 0.700000, 0.100000
5.46, 5.460000, 0.000000, 0.000000, 0.000000, 0.000000, 0.000000, 0.700000, 0.100000
5.47, 5.470000, 0.000000, 0.000000, 0.000000, 0.000000, 0.000000, 0.700000, 0.100000
5.48, 5.480000, 0.000000, 0.000000, 0.000000, 0.000000, 0.000000, 0.700000, 0.100000
5.49, 5.490000, 0.000000, 0.000000, 0.000000, 0.000000, 0.000000, 0.700000, 0.100000
5.5, 5.500000, 0.000000, 0.000000, 0.000000, 0.000000, 0.000000, 0.700000, 0.100000
5.51, 5.510000, 0.000000, 0.000000, 0.000000, 0.000000, 0.000000, 0.700000, 0.100000
5.52, 5.520000, 0.000000, 0.000000, 0.000000, 0.000000, 0.000000, 0.700000, 0.100000
5.53, 5.530000, 0.000000, 0.000000, 0.000000, 0.000000, 0.000000, 0.700000, 0.100000
5.54, 5.540000, 0.000000, 0.000000, 0.000000, 0.000000, 0.000000, 0.700000, 0.100000
5.55, 5.550000, 0.000000, 0.000000, 0.000000, 0.000000, 0.000000, 0.700000, 0.100000
5.56, 5.560000, 0.000000, 0.000000, 0.000000, 0.000000, 0.000000, 0.700000, 0.100000
5.57, 5.570000, 0.000000, 0.000000, 0.000000, 0.000000, 0.000000, 0.700000, 0.100000
5.58, 5.580000, 0.000000, 0.000000, 0.000000, 0.000000, 0.000000, 0.700000, 0.100000
5.59, 5.590000, 0.000000, 0.000000, 0.000000, 0.000000, 0.000000, 0.700000, 0.100000
5.6, 5.600000, 0.000000, 0.000000, 0.000000, 0.000000, 0.000000, 0.700000, 0.100000
5.61, 5.610000, 0.000000, 0.000000, 0.000000, 0.000000, 0.000000, 0.700000, 0.100000
5.62, 5.620000, 0.000000, 0.000000, 0.000000, 0.000000, 0.000000, 0.700000, 0.100000
5.63, 5.630000, 0.000000, 0.000000, 0.000000, 0.000000, 0.000000, 0.700000, 0.100000
5.64, 5.640000, 0.000000, 0.000000, 0.000000, 0.000000, 0.000000, 0.700000, 0.100000
5.65, 5.650000, 0.000000, 0.000000, 0.000000, 0.000000, 0.000000, 0.700000, 0.100000
5.66, 5.660000, 0.000000, 0.000000, 0.000000, 0.000000, 0.000000, 0.700000, 0.100000
5.67, 5.670000, 0.000000, 0.000000, 0.000000, 0.000000, 0.000000, 0.700000, 0.100000
5.68, 5.680000, 0.000000, 0.000000, 0.000000, 0.000000, 0.000000, 0.700000, 0.100000
5.69, 5.690000, 0.000000, 0.000000, 0.000000, 0.000000, 0.000000, 0.700000, 0.100000
5.7, 5.700000, 0.000000, 0.000000, 0.000000, 0.000000, 0.000000, 0.700000, 0.100000
5.71, 5.710000, 0.000000, 0.000000, 0.000000, 0.000000, 0.000000, 0.700000, 0.100000
5.72, 5.720000, 0.000000, 0.000000, 0.000000, 0.000000, 0.000000, 0.700000, 0.100000
5.73, 5.730000, 0.000000, 0.000000, 0.000000, 0.000000, 0.000000, 0.700000, 0.100000
5.74, 5.740000, 0.000000, 0.000000, 0.000000, 0.000000, 0.000000, 0.700000, 0.100000
5.75, 5.750000, 0.000000, 0.000000, 0.000000, 0.000000, 0.000000, 0.700000, 0.100000
5.76, 5.760000, 0.000000, 0.000000, 0.000000, 0.000000, 0.000000, 0.700000, 0.100000
5.77, 5.770000, 0.000000, 0.000000, 0.000000, 0.000000, 0.000000, 0.700000, 0.100000
5.78, 5.780000, 0.000000, 0.000000, 0.000000, 0.000000, 0.000000, 0.700000, 0.100000
5.79, 5.790000, 0.000000, 0.000000, 0.000000, 0.000000, 0.000000, 0.700000, 0.100000
5.8, 5.800000, 0.000000, 0.000000, 0.000000, 0.000000, 0.000000, 0.700000, 0.100000
5.81, 5.810000, 0.000000, 0.000000, 0.000000, 0.000000, 0.000000, 0.700000, 0.100000
5.82, 5.820000, 0.000000, 0.000000, 0.000000, 0.000000, 0.000000, 0.700000, 0.100000
5.83, 5.830000, 0.000000, 0.000000, 0.000000, 0.000000, 0.000000, 0.700000, 0.100000
5.84, 5.840000, 0.000000, 0.000000, 0.000000, 0.000000, 0.000000, 0.700000, 0.100000
5.85, 5.850000, 0.000000, 0.000000, 0.000000, 0.000000, 0.000000, 0.700000, 0.100000
5.86, 5.860000, 0.000000, 0.000000, 0.000000, 0.000000, 0.000000, 0.700000, 0.100000
5.87, 5.870000, 0.000000, 0.000000, 0.000000, 0.000000, 0.000000, 0.700000, 0.100000
5.88, 5.880000, 0.000000, 0.000000, 0.000000, 0.000000, 0.000000, 0.700000, 0.100000
5.89, 5.890000, 0.000000, 0.000000, 0.000000, 0.000000, 0.000000, 0.700000, 0.100000
5.9, 5.900000, 0.000000, 0.000000, 0.000000, 0.000000, 0.000000, 0.700000, 0.100000
5.91, 5.910000, 0.000000, 0.000000, 0.000000, 0.000000, 0.000000, 0.700000, 0.100000
5.92, 5.920000, 0.000000, 0.000000, 0.000000, 0.000000, 0.000000, 0.700000, 0.100000
5.93, 5.930000, 0.000000, 0.000000, 0.000000, 0.000000, 0.000000, 0.700000, 0.100000
5.94, 5.940000, 0.000000, 0.000000, 0.000000, 0.000000, 0.000000, 0.700000, 0.100000
5.95, 5.950000, 0.000000, 0.000000, 0.000000, 0.000000, 0.000000, 0.700000, 0.100000
5.96, 5.960000, 0.000000, 0.000000, 0.000000, 0.000000, 0.000000, 0.700000, 0.100000
5.97, 5.970000, 0.000000, 0.000000, 0.000000, 0.000000, 0.000000, 0.700000, 0.100000
5.98, 5.980000, 0.000000, 0.000000, 0.000000, 0.000000, 0.000000, 0.700000, 0.100000
5.99, 5.990000, 0.000000, 0.000000, 0.000000, 0.000000, 0.000000, 0.700000, 0.100000
6, 6.000000, 0.000000, 0.000000, 0.000000, 0.000000, 0.000000, 0.700000, 0.100000
6.01, 6.010000, 0.000000, 0.000000, 0.000000, 0.000000, 0.000000, 0.700000, 0.100000
6.02, 6.020000, 0.000000, 0.000000, 0.000000, 0.000000, 0.000000, 0.700000, 0.100000
6.03, 6.030000, 0.000000, 0.000000, 0.000000, 0.000000, 0.000000, 0.700000, 0.100000
6.04, 6.040000, 0.000000, 0.000000, 0.000000, 0.000000, 0.000000, 0.700000, 0.100000
6.05, 6.050000, 0.000000, 0.000000, 0.000000, 0.000000, 0.000000, 0.700000, 0.100000
6.06, 6.060000, 0.000000, 0.000000, 0.000000, 0.000000, 0.000000, 0.700000, 0.100000
6.07, 6.070000, 0.000000, 0.000000, 0.000000, 0.000000, 0.000000, 0.700000, 0.100000
6.08, 6.080000, 0.000000, 0.000000, 0.000000, 0.000000, 0.000000, 0.700000, 0.100000
6.09, 6.090000, 0.000000, 0.000000, 0.000000, 0.000000, 0.000000, 0.700000, 0.100000
6.1, 6.100000, 0.000000, 0.000000, 0.000000, 0.000000, 0.000000, 0.700000, 0.100000
6.11, 6.110000, 0.000000, 0.000000, 0.000000, 0.000000, 0.000000, 0.700000, 0.100000
6.12, 6.120000, 0.000000, 0.000000, 0.000000, 0.000000, 0.000000, 0.700000, 0.100000
6.13, 6.130000, 0.000000, 0.000000, 0.000000, 0.000000, 0.000000, 0.700000, 0.100000
6.14, 6.140000, 0.000000, 0.000000, 0.000000, 0.000000, 0.000000, 0.700000, 0.100000
6.15, 6.150000, 0.000000, 0.000000, 0.000000, 0.000000, 0.000000, 0.700000, 0.100000
6.16, 6.160000, 0.000000, 0.000000, 0.000000, 0.000000, 0.000000, 0.700000, 0.100000
6.17, 6.170000, 0.000000, 0.000000, 0.000000, 0.000000, 0.000000, 0.700000, 0.100000
6.18, 6.180000, 0.000000, 0.000000, 0.000000, 0.000000, 0.000000, 0.700000, 0.100000
6.19, 6.190000, 0.000000, 0.000000, 0.000000, 0.000000, 0.000000, 0.700000, 0.100000
6.2, 6.200000, 0.000000, 0.000000, 0.000000, 0.000000, 0.000000, 0.700000, 0.100000
6.21, 6.210000, 0.000000, 0.000000, 0.000000, 0.000000, 0.000000, 0.700000, 0.100000
6.22, 6.220000, 0.000000, 0.000000, 0.000000, 0.000000, 0.000000, 0.700000, 0.100000
6.23, 6.230000, 0.000000, 0.000000, 0.000000, 0.000000, 0.000000, 0.700000, 0.100000
6.24, 6.240000, 0.000000, 0.000000, 0.000000, 0.000000, 0.000000, 0.700000, 0.100000
6.25, 6.250000, 0.000000, 0.000000, 0.000000, 0.000000, 0.000000, 0.700000, 0.100000
6.26, 6.260000, 0.000000, 0.000000, 0.000000, 0.000000, 0.000000, 0.700000, 0.100000
6.27, 6.270000, 0.000000, 0.000000, 0.000000, 0.000000, 0.000000, 0.700000, 0.100000
6.28, 6.280000, 0.000000, 0.000000, 0.000000, 0.000000, 0.000000, 0.700000, 0.100000
6.29, 6.290000, 0.000000, 0.000000, 0.000000, 0.000000, 0.000000, 0.700000, 0.100000
6.3, 6.300000, 0.000000, 0.000000, 0.000000, 0.000000, 0.000000, 0.700000, 0.100000
6.31, 6.310000, 0.000000, 0.000000, 0.000000, 0.000000, 0.000000, 0.700000, 0.100000
6.32, 6.320000, 0.000000, 0.000000, 0.000000, 0.000000, 0.000000, 0.700000, 0.100000
6.33, 6.330000, 0.000000, 0.000000, 0.000000, 0.000000, 0.000000, 0.700000, 0.100000
6.34, 6.340000, 0.000000, 0.000000, 0.000000, 0.000000, 0.000000, 0.700000, 0.100000
6.35, 6.350000, 0.000000, 0.000000, 0.000000, 0.000000, 0.000000, 0.700000, 0.100000
6.36, 6.360000, 0.000000, 0.000000, 0.000000, 0.000000, 0.000000, 0.700000, 0.100000
6.37, 6.370000, 0.000000, 0.000000, 0.000000, 0.000000, 0.000000, 0.700000, 0.100000
6.38, 6.380000, 0.000000, 0.000000, 0.000000, 0.000000, 0.000000, 0.700000, 0.100000
6.39, 6.390000, 0.000000, 0.000000, 0.000000, 0.000000, 0.000000, 0.700000, 0.100000
6.4, 6.400000, 0.000000, 0.000000, 0.000000, 0.000000, 0.000000, 0.700000, 0.100000
6.41, 6.410000, 0.000000, 0.000000, 0.000000, 0.000000, 0.000000, 0.700000, 0.100000
6.42, 6.420000, 0.000000, 0.000000, 0.000000, 0.000000, 0.000000, 0.700000, 0.100000
6.43, 6.430000, 0.000000, 0.000000, 0.000000, 0.000000, 0.000000, 0.700000, 0.100000
6.44, 6.440000, 0.000000, 0.000000, 0.000000, 0.000000, 0.000000, 0.700000, 0.100000
6.45, 6.450000, 0.000000, 0.000000, 0.000000, 0.000000, 0.000000, 0.700000, 0.100000
6.46, 6.460000, 0.000000, 0.000000, 0.000000, 0.000000, 0.000000, 0.700000, 0.100000
6.47, 6.470000, 0.000000, 0.000000, 0.000000, 0.000000, 0.000000, 0.700000, 0.100000
6.48, 6.480000, 0.000000, 0.000000, 0.000000, 0.000000, 0.000000, 0.700000, 0.100000
6.49, 6.490000, 0.000000, 0.000000, 0.000000, 0.000000, 0.000000, 0.700000, 0.100000
6.5, 6.500000, 0.000000, 0.000000, 0.000000, 0.000000, 0.000000, 0.700000, 0.100000
6.51, 6.510000, 0.000000, 0.000000, 0.000000, 0.000000, 0.000000, 0.700000, 0.100000
6.52, 6.520000, 0.000000, 0.000000, 0.000000, 0.000000, 0.000000, 0.700000, 0.100000
6.53, 6.530000, 0.000000, 0.000000, 0.000000, 0.000000, 0.000000, 0.700000, 0.100000
6.54, 6.540000, 0.000000, 0.000000, 0.000000, 0.000000, 0.000000, 0.700000, 0.100000
6.55, 6.550000, 0.000000, 0.000000, 0.000000, 0.000000, 0.000000, 0.700000, 0.100000
6.56, 6.560000, 0.000000, 0.000000, 0.000000, 0.000000, 0.000000, 0.700000, 0.100000
6.57, 6.570000, 0.000000, 0.000000, 0.000000, 0.000000, 0.000000, 0.700000, 0.100000
6.58, 6.580000, 0.000000, 0.000000, 0.000000, 0.000000, 0.000000, 0.700000, 0.100000
6.59, 6.590000, 0.000000, 0.000000, 0.000000, 0.000000, 0.000000, 0.700000, 0.100000
6.6, 6.600000, 0.000000, 0.000000, 0.000000, 0.000000, 0.000000, 0.700000, 0.100000
6.61, 6.610000, 0.000000, 0.000000, 0.000000, 0.000000, 0.000000, 0.700000, 0.100000
6.62, 6.620000, 0.000000, 0.000000, 0.000000, 0.000000, 0.000000, 0.700000, 0.100000
6.63, 6.630000, 0.000000, 0.000000, 0.000000, 0.000000, 0.000000, 0.700000, 0.100000
6.64, 6.640000, 0.000000, 0.000000, 0.000000, 0.000000, 0.000000, 0.700000, 0.100000
6.65, 6.650000, 0.000000, 0.000000, 0.000000, 0.000000, 0.000000, 0.700000, 0.100000
6.66, 6.660000, 0.000000, 0.000000, 0.000000, 0.000000, 0.000000, 0.700000, 0.100000
6.67, 6.670000, 0.000000, 0.000000, 0.000000, 0.000000, 0.000000, 0.700000, 0.100000
6.68, 6.680000, 0.000000, 0.000000, 0.000000, 0.000000, 0.000000, 0.700000, 0.100000
6.69, 6.690000, 0.000000, 0.000000, 0.000000, 0.000000, 0.000000, 0.700000, 0.100000
6.7, 6.700000, 0.000000, 0.000000, 0.000000, 0.000000, 0.000000, 0.700000, 0.100000
6.71, 6.710000, 0.000000, 0.000000, 0.000000, 0.000000, 0.000000, 0.700000, 0.100000
6.72, 6.720000, 0.000000, 0.000000, 0.000000, 0.000000, 0.000000, 0.700000, 0.100000
6.73, 6.730000, 0.000000, 0.000000, 0.000000, 0.000000, 0.000000, 0.700000, 0.100000
6.74, 6.740000, 0.000000, 0.000000, 0.000000, 0.000000, 0.000000, 0.700000, 0.100000
6.75, 6.750000, 0.000000, 0.000000, 0.000000, 0.000000, 0.000000, 0.700000, 0.100000
6.76, 6.760000, 0.000000, 0.000000, 0.000000, 0.000000, 0.000000, 0.700000, 0.100000
6.77, 6.770000, 0.000000, 0.000000, 0.000000, 0.000000, 0.000000, 0.700000, 0.100000
6.78, 6.780000, 0.000000, 0.000000, 0.000000, 0.000000, 0.000000, 0.700000, 0.100000
6.79, 6.790000, 0.000000, 0.000000, 0.000000, 0.000000, 0.000000, 0.700000, 0.100000
6.8, 6.800000, 0.000000, 0.000000, 0.000000, 0.000000, 0.000000, 0.700000, 0.100000
6.81, 6.810000, 0.000000, 0.000000, 0.000000, 0.000000, 0.000000, 0.700000, 0.100000
6.82, 6.820000, 0.000000, 0.000000, 0.000000, 0.000000, 0.000000, 0.700000, 0.100000
6.83, 6.830000, 0.000000, 0.000000, 0.000000, 0.000000, 0.000000, 0.700000, 0.100000
6.84, 6.840000, 0.000000, 0.000000, 0.000000, 0.000000, 0.000000, 0.700000, 0.100000
6.85, 6.850000, 0.000000, 0.000000, 0.000000, 0.000000, 0.000000, 0.700000, 0.100000
6.86, 6.860000, 0.000000, 0.000000, 0.000000, 0.000000, 0.000000, 0.700000, 0.100000
6.87, 6.870000, 0.000000, 0.000000, 0.000000, 0.000000, 0.000000, 0.700000, 0.100000
6.88, 6.880000, 0.000000, 0.000000, 0.000000, 0.000000, 0.000000, 0.700000, 0.100000
6.89, 6.890000, 0.000000, 0.000000, 0.000000, 0.000000, 0.000000, 0.700000, 0.100000
6.9, 6.900000, 0.000000, 0.000000, 0.000000, 0.000000, 0.000000, 0.700000, 0.100000
6.91, 6.910000, 0.000000, 0.000000, 0.000000, 0.000000, 0.000000, 0.700000, 0.100000
6.92, 6.920000, 0.000000, 0.000000, 0.000000, 0.000000, 0.000000, 0.700000, 0.100000
6.93, 6.930000, 0.000000, 0.000000, 0.000000, 0.000000, 0.000000, 0.700000, 0.100000
6.94, 6.940000, 0.000000, 0.000000, 0.000000, 0.000000, 0.000000, 0.700000, 0.100000
6.95, 6.950000, 0.000000, 0.000000, 0.000000, 0.000000, 0.000000, 0.700000, 0.100000
6.96, 6.960000, 0.000000, 0.000000, 0.000000, 0.000000, 0.000000, 0.700000, 0.100000
6.97, 6.970000, 0.000000, 0.000000, 0.000000, 0.000000, 0.000000, 0.700000, 0.100000
6.98, 6.980000, 0.000000, 0.000000, 0.000000, 0.000000, 0.000000, 0.700000, 0.100000
6.99, 6.990000, 0.000000, 0.000000, 0.000000, 0.000000, 0.000000, 0.700000, 0.100000
7, 7.000000, 0.000000, 0.000000, 0.000000, 0.000000, 0.000000, 0.700000, 0.100000
7.01, 7.010000, 0.000000, 0.000000, 0.000000, 0.000000, 0.000000, 0.700000, 0.100000
7.02, 7.020000, 0.000000, 0.000000, 0.000000, 0.000000, 0.000000, 0.700000, 0.100000
7.03, 7.030000, 0.000000, 0.000000, 0.000000, 0.000000, 0.000000, 0.700000, 0.100000
7.04, 7.040000, 0.000000, 0.000000, 0.000000, 0.000000, 0.000000, 0.700000, 0.100000
7.05, 7.050000, 0.000000, 0.000000, 0.000000, 0.000000, 0.000000, 0.700000, 0.100000
7.06, 7.060000, 0.000000, 0.000000, 0.000000, 0.000000, 0.000000, 0.700000, 0.100000
7.07, 7.070000, 0.000000, 0.000000, 0.000000, 0.000000, 0.000000, 0.700000, 0.100000
7.08, 7.080000, 0.000000, 0.000000, 0.000000, 0.000000, 0.000000, 0.700000, 0.100000
7.09, 7.090000, 0.000000, 0.000000, 0.000000, 0.000000, 0.000000, 0.700000, 0.100000
7.1, 7.100000, 0.000000, 0.000000, 0.000000, 0.000000, 0.000000, 0.700000, 0.100000
7.11, 7.110000, 0.000000, 0.000000, 0.000000, 0.000000, 0.000000, 0.700000, 0.100000
7.12, 7.120000, 0.000000, 0.000000, 0.000000, 0.000000, 0.000000, 0.700000, 0.100000
7.13, 7.130000, 0.000000, 0.000000, 0.000000, 0.000000, 0.000000, 0.700000, 0.100000
7.14, 7.140000, 0.000000, 0.000000, 0.000000, 0.000000, 0.000000, 0.700000, 0.100000
7.15, 7.150000, 0.000000, 0.000000, 0.000000, 0.000000, 0.000000, 0.700000, 0.100000
7.16, 7.160000, 0.000000, 0.000000, 0.000000, 0.000000, 0.000000, 0.700000, 0.100000
7.17, 7.170000, 0.000000, 0.000000, 0.000000, 0.000000, 0.000000, 0.700000, 0.100000
7.18, 7.180000, 0.000000, 0.000000, 0.000000, 0.000000, 0.000000, 0.700000, 0.100000
7.19, 7.190000, 0.000000, 0.000000, 0.000000, 0.000000, 0.000000, 0.700000, 0.100000
7.2, 7.200000, 0.000000, 0.000000, 0.000000, 0.000000, 0.000000, 0.700000, 0.100000
7.21, 7.210000, 0.000000, 0.000000, 0.000000, 0.000000, 0.000000, 0.700000, 0.100000
7.22, 7.220000, 0.000000, 0.000000, 0.000000, 0.000000, 0.000000, 0.700000, 0.100000
7.23, 7.230000, 0.000000, 0.000000, 0.000000, 0.000000, 0.000000, 0.700000, 0.100000
7.24, 7.240000, 0.000000, 0.000000, 0.000000, 0.000000, 0.000000, 0.700000, 0.100000
7.25, 7.250000, 0.000000, 0.000000, 0.000000, 0.000000, 0.000000, 0.700000, 0.100000
7.26, 7.260000, 0.000000, 0.000000, 0.000000, 0.000000, 0.000000, 0.700000, 0.100000
7.27, 7.270000, 0.000000, 0.000000, 0.000000, 0.000000, 0.000000, 0.700000, 0.100000
7.28, 7.280000, 0.000000, 0.000000, 0.000000, 0.000000, 0.000000, 0.700000, 0.100000
7.29, 7.290000, 0.000000, 0.000000, 0.000000, 0.000000, 0.000000, 0.700000, 0.100000
7.3, 7.300000, 0.000000, 0.000000, 0.000000, 0.000000, 0.000000, 0.700000, 0.100000
7.31, 7.310000, 0.000000, 0.000000, 0.000000, 0.000000, 0.000000, 0.700000, 0.100000
7.32, 7.320000, 0.000000, 0.000000, 0.000000, 0.000000, 0.000000, 0.700000, 0.100000
7.33, 7.330000, 0.000000, 0.000000, 0.000000, 0.000000, 0.000000, 0.700000, 0.100000
7.34, 7.340000, 0.000000, 0.000000, 0.000000, 0.000000, 0.000000, 0.700000, 0.100000
7.35, 7.350000, 0.000000, 0.000000, 0.000000, 0.000000, 0.000000, 0.700000, 0.100000
7.36, 7.360000, 0.000000, 0.000000, 0.000000, 0.000000, 0.000000, 0.700000, 0.100000
7.37, 7.370000, 0.000000, 0.000000, 0.000000, 0.000000, 0.000000, 0.700000, 0.100000
7.38, 7.380000, 0.000000, 0.000000, 0.000000, 0.000000, 0.000000, 0.700000, 0.100000
7.39, 7.390000, 0.000000, 0.000000, 0.000000, 0.000000, 0.000000, 0.700000, 0.100000
7.4, 7.400000, 0.000000, 0.000000, 0.000000, 0.000000, 0.000000, 0.700000, 0.100000
7.41, 7.410000, 0.000000, 0.000000, 0.000000, 0.000000, 0.000000, 0.700000, 0.100000
7.42, 7.420000, 0.000000, 0.000000, 0.000000, 0.000000, 0.000000, 0.700000, 0.100000
7.43, 7.430000, 0.000000, 0.000000, 0.000000, 0.000000, 0.000000, 0.700000, 0.100000
7.44, 7.440000, 0.000000, 0.000000, 0.000000, 0.000000, 0.000000, 0.700000, 0.100000
7.45, 7.450000, 0.000000, 0.000000, 0.000000, 0.000000, 0.000000, 0.700000, 0.100000
7.46, 7.460000, 0.000000, 0.000000, 0.000000, 0.000000, 0.000000, 0.700000, 0.100000
7.47, 7.470000, 0.000000, 0.000000, 0.000000, 0.000000, 0.000000, 0.700000, 0.100000
7.48, 7.480000, 0.000000, 0.000000, 0.000000, 0.000000, 0.000000, 0.700000, 0.100000
7.49, 7.490000, 0.000000, 0.000000, 0.000000, 0.000000, 0.000000, 0.700000, 0.100000
7.5, 7.500000, 0.000000, 0.000000, 0.000000, 0.000000, 0.000000, 0.700000, 0.100000
7.51, 7.510000, 0.000000, 0.000000, 0.000000, 0.000000, 0.000000, 0.700000, 0.100000
7.52, 7.520000, 0.000000, 0.000000, 0.000000, 0.000000, 0.000000, 0.700000, 0.100000
7.53, 7.530000, 0.000000, 0.000000, 0.000000, 0.000000, 0.000000, 0.700000, 0.100000
7.54, 7.540000, 0.000000, 0.000000, 0.000000, 0.000000, 0.000000, 0.700000, 0.100000
7.55, 7.550000, 0.000000, 0.000000, 0.000000, 0.000000, 0.000000, 0.700000, 0.100000
7.56, 7.560000, 0.000000, 0.000000, 0.000000, 0.000000, 0.000000, 0.700000, 0.100000
7.57, 7.570000, 0.000000, 0.000000, 0.000000, 0.000000, 0.000000, 0.700000, 0.100000
7.58, 7.580000, 0.000000, 0.000000, 0.000000, 0.000000, 0.000000, 0.700000, 0.100000
7.59, 7.590000, 0.000000, 0.000000, 0.000000, 0.000000, 0.000000, 0.700000, 0.100000
7.6, 7.600000, 0.000000, 0.000000, 0.000000, 0.000000, 0.000000, 0.700000, 0.100000
7.61, 7.610000, 0.000000, 0.000000, 0.000000, 0.000000, 0.000000, 0.700000, 0.100000
7.62, 7.620000, 0.000000, 0.000000, 0.000000, 0.000000, 0.000000, 0.700000, 0.100000
7.63, 7.630000, 0.000000, 0.000000, 0.000000, 0.000000, 0.000000, 0.700000, 0.100000
7.64, 7.640000, 0.000000, 0.000000, 0.000000, 0.000000, 0.000000, 0.700000, 0.100000
7.65, 7.650000, 0.000000, 0.000000, 0.000000, 0.000000, 0.000000, 0.700000, 0.100000
7.66, 7.660000, 0.000000, 0.000000, 0.000000, 0.000000, 0.000000, 0.700000, 0.100000
7.67, 7.670000, 0.000000, 0.000000, 0.000000, 0.000000, 0.000000, 0.700000, 0.100000
7.68, 7.680000, 0.000000, 0.000000, 0.000000, 0.000000, 0.000000, 0.700000, 0.100000
7.69, 7.690000, 0.000000, 0.000000, 0.000000, 0.000000, 0.000000, 0.700000, 0.100000
7.7, 7.700000, 0.000000, 0.000000, 0.000000, 0.000000, 0.000000, 0.700000, 0.100000
7.71, 7.710000, 0.000000, 0.000000, 0.000000, 0.000000, 0.000000, 0.700000, 0.100000
7.72, 7.720000, 0.000000, 0.000000, 0.000000, 0.000000, 0.000000, 0.700000, 0.100000
7.73, 7.730000, 0.000000, 0.000000, 0.000000, 0.000000, 0.000000, 0.700000, 0.100000
7.74, 7.740000, 0.000000, 0.000000, 0.000000, 0.000000, 0.000000, 0.700000, 0.100000
7.75, 7.750000, 0.000000, 0.000000, 0.000000, 0.000000, 0.000000, 0.700000, 0.100000
7.76, 7.760000, 0.000000, 0.000000, 0.000000, 0.000000, 0.000000, 0.700000, 0.100000
7.77, 7.770000, 0.000000, 0.000000, 0.000000, 0.000000, 0.000000, 0.700000, 0.100000
7.78, 7.780000, 0.000000, 0.000000, 0.000000, 0.000000, 0.000000, 0.700000, 0.100000
7.79, 7.790000, 0.000000, 0.000000, 0.000000, 0.000000, 0.000000, 0.700000, 0.100000
7.8, 7.800000, 0.000000, 0.000000, 0.000000, 0.000000, 0.000000, 0.700000, 0.100000
7.81, 7.810000, 0.000000, 0.000000, 0.000000, 0.000000, 0.000000, 0.700000, 0.100000
7.82, 7.820000, 0.000000, 0.000000, 0.000000, 0.000000, 0.000000, 0.700000, 0.100000
7.83, 7.830000, 0.000000, 0.000000, 0.000000, 0.000000, 0.000000, 0.700000, 0.100000
7.84, 7.840000, 0.000000, 0.000000, 0.000000, 0.000000, 0.000000, 0.700000, 0.100000
7.85, 7.850000, 0.000000, 0.000000, 0.000000, 0.000000, 0.000000, 0.700000, 0.100000
7.86, 7.860000, 0.000000, 0.000000, 0.000000, 0.000000, 0.000000, 0.700000, 0.100000
7.87, 7.870000, 0.000000, 0.000000, 0.000000, 0.000000, 0.000000, 0.700000, 0.100000
7.88, 7.880000, 0.000000, 0.000000, 0.000000, 0.000000, 0.000000, 0.700000, 0.100000
7.89, 7.890000, 0.000000, 0.000000, 0.000000, 0.000000, 0.000000, 0.700000, 0.100000
7.9, 7.900000, 0.000000, 0.000000, 0.000000, 0.000000, 0.000000, 0.700000, 0.100000
7.91, 7.910000, 0.000000, 0.000000, 0.000000, 0.000000, 0.000000, 0.700000, 0.100000
7.92, 7.920000, 0.000000, 0.000000, 0.000000, 0.000000, 0.000000, 0.700000, 0.100000
7.93, 7.930000, 0.000000, 0.000000, 0.000000, 0.000000, 0.000000, 0.700000, 0.100000
7.94, 7.940000, 0.000000, 0.000000, 0.000000, 0.000000, 0.000000, 0.700000, 0.100000
7.95, 7.950000, 0.000000, 0.000000, 0.000000, 0.000000, 0.000000, 0.700000, 0.100000
7.96, 7.960000, 0.000000, 0.000000, 0.000000, 0.000000, 0.000000, 0.700000, 0.100000
7.97, 7.970000, 0.000000, 0.000000, 0.000000, 0.000000, 0.000000, 0.700000, 0.100000
7.98, 7.980000, 0.000000, 0.000000, 0.000000, 0.000000, 0.000000, 0.700000, 0.100000
7.99, 7.990000, 0.000000, 0.000000, 0.000000, 0.000000, 0.000000, 0.700000, 0.100000
8, 8.000000, 0.000000, 0.000000, 0.000000, 0.000000, 0.000000, 0.700000, 0.100000
8.01, 8.010000, 0.000000, 0.000000, 0.000000, 0.000000, 0.000000, 0.700000, 0.100000
8.02, 8.020000, 0.000000, 0.000000, 0.000000, 0.000000, 0.000000, 0.700000, 0.100000
8.03, 8.030000, 0.000000, 0.000000, 0.000000, 0.000000, 0.000000, 0.700000, 0.100000
8.04, 8.040000, 0.000000, 0.000000, 0.000000, 0.000000, 0.000000, 0.700000, 0.100000
8.05, 8.050000, 0.000000, 0.000000, 0.000000, 0.000000, 0.000000, 0.700000, 0.100000
8.06, 8.060000, 0.000000, 0.000000, 0.000000, 0.000000, 0.000000, 0.700000, 0.100000
8.07, 8.070000, 0.000000, 0.000000, 0.000000, 0.000000, 0.000000, 0.700000, 0.100000
8.08, 8.080000, 0.000000, 0.000000, 0.000000, 0.000000, 0.000000, 0.700000, 0.100000
8.09, 8.090000, 0.000000, 0.000000, 0.000000, 0.000000, 0.000000, 0.700000, 0.100000
8.1, 8.100000, 0.000000, 0.000000, 0.000000, 0.000000, 0.000000, 0.700000, 0.100000
8.11, 8.110000, 0.000000, 0.000000, 0.000000, 0.000000, 0.000000, 0.700000, 0.100000
8.12, 8.120000, 0.000000, 0.000000, 0.000000, 0.000000, 0.000000, 0.700000, 0.100000
8.13, 8.130000, 0.000000, 0.000000, 0.000000, 0.000000, 0.000000, 0.700000, 0.100000
8.14, 8.140000, 0.000000, 0.000000, 0.000000, 0.000000, 0.000000, 0.700000, 0.100000
8.15, 8.150000, 0.000000, 0.000000, 0.000000, 0.000000, 0.000000, 0.700000, 0.100000
8.16, 8.160000, 0.000000, 0.000000, 0.000000, 0.000000, 0.000000, 0.700000, 0.100000
8.17, 8.170000, 0.000000, 0.000000, 0.000000, 0.000000, 0.000000, 0.700000, 0.100000
8.18, 8.180000, 0.000000, 0.000000, 0.000000, 0.000000, 0.000000, 0.700000, 0.100000
8.19, 8.190000, 0.000000, 0.000000, 0.000000, 0.000000, 0.000000, 0.700000, 0.100000
8.2, 8.200000, 0.000000, 0.000000, 0.000000, 0.000000, 0.000000, 0.700000, 0.100000
8.21, 8.210000, 0.000000, 0.000000, 0.000000, 0.000000, 0.000000, 0.700000, 0.100000
8.22, 8.220000, 0.000000, 0.000000, 0.000000, 0.000000, 0.000000, 0.700000, 0.100000
8.23, 8.230000, 0.000000, 0.000000, 0.000000, 0.000000, 0.000000, 0.700000, 0.100000
8.24, 8.240000, 0.000000, 0.000000, 0.000000, 0.000000, 0.000000, 0.700000, 0.100000
8.25, 8.250000, 0.000000, 0.000000, 0.000000, 0.000000, 0.000000, 0.700000, 0.100000
8.26, 8.260000, 0.000000, 0.000000, 0.000000, 0.000000, 0.000000, 0.700000, 0.100000
8.27, 8.270000, 0.000000, 0.000000, 0.000000, 0.000000, 0.000000, 0.700000, 0.100000
8.28, 8.280000, 0.000000, 0.000000, 0.000000, 0.000000, 0.000000, 0.700000, 0.100000
8.29, 8.290000, 0.000000, 0.000000, 0.000000, 0.000000, 0.000000, 0.700000, 0.100000
8.3, 8.300000, 0.000000, 0.000000, 0.000000, 0.000000, 0.000000, 0.700000, 0.100000
8.31, 8.310000, 0.000000, 0.000000, 0.000000, 0.000000, 0.000000, 0.700000, 0.100000
8.32, 8.320000, 0.000000, 0.000000, 0.000000, 0.000000, 0.000000, 0.700000, 0.100000
8.33, 8.330000, 0.000000, 0.000000, 0.000000, 0.000000, 0.000000, 0.700000, 0.100000
8.34, 8.340000, 0.000000, 0.000000, 0.000000, 0.000000, 0.000000, 0.700000, 0.100000
8.35, 8.350000, 0.000000, 0.000000, 0.000000, 0.000000, 0.000000, 0.700000, 0.100000
8.36, 8.360000, 0.000000, 0.000000, 0.000000, 0.000000, 0.000000, 0.700000, 0.100000
8.37, 8.370000, 0.000000, 0.000000, 0.000000, 0.000000, 0.000000, 0.700000, 0.100000
8.38, 8.380000, 0.000000, 0.000000, 0.000000, 0.000000, 0.000000, 0.700000, 0.100000
8.39, 8.390000, 0.000000, 0.000000, 0.000000, 0.000000, 0.000000, 0.700000, 0.100000
8.4, 8.400000, 0.000000, 0.000000, 0.000000, 0.000000, 0.000000, 0.700000, 0.100000
8.41, 8.410000, 0.000000, 0.000000, 0.000000, 0.000000, 0.000000, 0.700000, 0.100000
8.42, 8.420000, 0.000000, 0.000000, 0.000000, 0.000000, 0.000000, 0.700000, 0.100000
8.43, 8.430000, 0.000000, 0.000000, 0.000000, 0.000000, 0.000000, 0.700000, 0.100000
8.44, 8.440000, 0.000000, 0.000000, 0.000000, 0.000000, 0.000000, 0.700000, 0.100000
8.45, 8.450000, 0.000000, 0.000000, 0.000000, 0.000000, 0.000000, 0.700000, 0.100000
8.46, 8.460000, 0.000000, 0.000000, 0.000000, 0.000000, 0.000000, 0.700000, 0.100000
8.47, 8.470000, 0.000000, 0.000000, 0.000000, 0.000000, 0.000000, 0.700000, 0.100000
8.48, 8.480000, 0.000000, 0.000000, 0.000000, 0.000000, 0.000000, 0.700000, 0.100000
8.49, 8.490000, 0.000000, 0.000000, 0.000000, 0.000000, 0.000000, 0.700000, 0.100000
8.5, 8.500000, 0.000000, 0.000000, 0.000000, 0.000000, 0.000000, 0.700000, 0.100000
8.51, 8.510000, 0.000000, 0.000000, 0.000000, 0.000000, 0.000000, 0.700000, 0.100000
8.52, 8.520000, 0.000000, 0.000000, 0.000000, 0.000000, 0.000000, 0.700000, 0.100000
8.53, 8.530000, 0.000000, 0.000000, 0.000000, 0.000000, 0.000000, 0.700000, 0.100000
8.54, 8.540000, 0.000000, 0.000000, 0.000000, 0.000000, 0.000000, 0.700000, 0.100000
8.55, 8.550000, 0.000000, 0.000000, 0.000000, 0.000000, 0.000000, 0.700000, 0.100000
8.56, 8.560000, 0.000000, 0.000000, 0.000000, 0.000000, 0.000000, 0.700000, 0.100000
8.57, 8.570000, 0.000000, 0.000000, 0.000000, 0.000000, 0.000000, 0.700000, 0.100000
8.58, 8.580000, 0.000000, 0.000000, 0.000000, 0.000000, 0.000000, 0.700000, 0.100000
8.59, 8.590000, 0.000000, 0.000000, 0.000000, 0.000000, 0.000000, 0.700000, 0.100000
8.6, 8.600000, 0.000000, 0.000000, 0.000000, 0.000000, 0.000000, 0.700000, 0.100000
8.61, 8.610000, 0.000000, 0.000000, 0.000000, 0.000000, 0.000000, 0.700000, 0.100000
8.62, 8.620000, 0.000000, 0.000000, 0.000000, 0.000000, 0.000000, 0.700000, 0.100000
8.63, 8.630000, 0.000000, 0.000000, 0.000000, 0.000000, 0.000000, 0.700000, 0.100000
8.64, 8.640000, 0.000000, 0.000000, 0.000000, 0.000000, 0.000000, 0.700000, 0.100000
8.65, 8.650000, 0.000000, 0.000000, 0.000000, 0.000000, 0.000000, 0.700000, 0.100000
8.66, 8.660000, 0.000000, 0.000000, 0.000000, 0.000000, 0.000000, 0.700000, 0.100000
8.67, 8.670000, 0.000000, 0.000000, 0.000000, 0.000000, 0.000000, 0.700000, 0.100000
8.68, 8.680000, 0.000000, 0.000000, 0.000000, 0.000000, 0.000000, 0.700000, 0.100000
8.69, 8.690000, 0.000000, 0.000000, 0.000000, 0.000000, 0.000000, 0.700000, 0.100000
8.7, 8.700000, 0.000000, 0.000000, 0.000000, 0.000000, 0.000000, 0.700000, 0.100000
8.71, 8.710000, 0.000000, 0.000000, 0.000000, 0.000000, 0.000000, 0.700000, 0.100000
8.72, 8.720000, 0.000000, 0.000000, 0.000000, 0.000000, 0.000000, 0.700000, 0.100000
8.73, 8.730000, 0.000000, 0.000000, 0.000000, 0.000000, 0.000000, 0.700000, 0.100000
8.74, 8.740000, 0.000000, 0.000000, 0.000000, 0.000000, 0.000000, 0.700000, 0.100000
8.75, 8.750000, 0.000000, 0.000000, 0.000000, 0.000000, 0.000000, 0.700000, 0.100000
8.76, 8.760000, 0.000000, 0.000000, 0.000000, 0.000000, 0.000000, 0.700000, 0.100000
8.77, 8.770000, 0.000000, 0.000000, 0.000000, 0.000000, 0.000000, 0.700000, 0.100000
8.78, 8.780000, 0.000000, 0.000000, 0.000000, 0.000000, 0.000000, 0.700000, 0.100000
8.79, 8.790000, 0.000000, 0.000000, 0.000000, 0.000000, 0.000000, 0.700000, 0.100000
8.8, 8.800000, 0.000000, 0.000000, 0.000000, 0.000000, 0.000000, 0.700000, 0.100000
8.81, 8.810000, 0.000000, 0.000000, 0.000000, 0.000000, 0.000000, 0.700000, 0.100000
8.82, 8.820000, 0.000000, 0.000000, 0.000000, 0.000000, 0.000000, 0.700000, 0.100000
8.83, 8.830000, 0.000000, 0.000000, 0.000000, 0.000000, 0.000000, 0.700000, 0.100000
8.84, 8.840000, 0.000000, 0.000000, 0.000000, 0.000000, 0.000000, 0.700000, 0.100000
8.85, 8.850000, 0.000000, 0.000000, 0.000000, 0.000000, 0.000000, 0.700000, 0.100000
8.86, 8.860000, 0.000000, 0.000000, 0.000000, 0.000000, 0.000000, 0.700000, 0.100000
8.87, 8.870000, 0.000000, 0.000000, 0.000000, 0.000000, 0.000000, 0.700000, 0.100000
8.88, 8.880000, 0.000000, 0.000000, 0.000000, 0.000000, 0.000000, 0.700000, 0.100000
8.89, 8.890000, 0.000000, 0.000000, 0.000000, 0.000000, 0.000000, 0.700000, 0.100000
8.9, 8.900000, 0.000000, 0.000000, 0.000000, 0.000000, 0.000000, 0.700000, 0.100000
8.91, 8.910000, 0.000000, 0.000000, 0.000000, 0.000000, 0.000000, 0.700000, 0.100000
8.92, 8.920000, 0.000000, 0.000000, 0.000000, 0.000000, 0.000000, 0.700000, 0.100000
8.93, 8.930000, 0.000000, 0.000000, 0.000000, 0.000000, 0.000000, 0.700000, 0.100000
8.94, 8.940000, 0.000000, 0.000000, 0.000000, 0.000000, 0.000000, 0.700000, 0.100000
8.95, 8.950000, 0.000000, 0.000000, 0.000000, 0.000000, 0.000000, 0.700000, 0.100000
8.96, 8.960000, 0.000000, 0.000000, 0.000000, 0.000000, 0.000000, 0.700000, 0.100000
8.97, 8.970000, 0.000000, 0.000000, 0.000000, 0.000000, 0.000000, 0.700000, 0.100000
8.98, 8.980000, 0.000000, 0.000000, 0.000000, 0.000000, 0.000000, 0.700000, 0.100000
8.99, 8.990000, 0.000000, 0.000000, 0.000000, 0.000000, 0.000000, 0.700000, 0.100000
9, 9.000000, 0.000000, 0.000000, 0.000000, 0.000000, 0.000000, 0.700000, 0.100000
9.01, 9.010000, 0.000000, 0.000000, 0.000000, 0.000000, 0.000000, 0.700000, 0.100000
9.02, 9.020000, 0.000000, 0.000000, 0.000000, 0.000000, 0.000000, 0.700000, 0.100000
9.03, 9.030000, 0.000000, 0.000000, 0.000000, 0.000000, 0.000000, 0.700000, 0.100000
9.04, 9.040000, 0.000000, 0.000000, 0.000000, 0.000000, 0.000000, 0.700000, 0.100000
9.05, 9.050000, 0.000000, 0.000000, 0.000000, 0.000000, 0.000000, 0.700000, 0.100000
9.06, 9.060000, 0.000000, 0.000000, 0.000000, 0.000000, 0.000000, 0.700000, 0.100000
9.07, 9.070000, 0.000000, 0.000000, 0.000000, 0.000000, 0.000000, 0.700000, 0.100000
9.08, 9.080000, 0.000000, 0.000000, 0.000000, 0.000000, 0.000000, 0.700000, 0.100000
9.09, 9.090000, 0.000000, 0.000000, 0.000000, 0.000000, 0.000000, 0.700000, 0.100000
9.1, 9.100000, 0.000000, 0.000000, 0.000000, 0.000000, 0.000000, 0.700000, 0.100000
9.11, 9.110000, 0.000000, 0.000000, 0.000000, 0.000000, 0.000000, 0.700000, 0.100000
9.12, 9.120000, 0.000000, 0.000000, 0.000000, 0.000000, 0.000000, 0.700000, 0.100000
9.13, 9.130000, 0.000000, 0.000000, 0.000000, 0.000000, 0.000000, 0.700000, 0.100000
9.14, 9.140000, 0.000000, 0.000000, 0.000000, 0.000000, 0.000000, 0.700000, 0.100000
9.15, 9.150000, 0.000000, 0.000000, 0.000000, 0.000000, 0.000000, 0.700000, 0.100000
9.16, 9.160000, 0.000000, 0.000000, 0.000000, 0.000000, 0.000000, 0.700000, 0.100000
9.17, 9.170000, 0.000000, 0.000000, 0.000000, 0.000000, 0.000000, 0.700000, 0.100000
9.18, 9.180000, 0.000000, 0.000000, 0.000000, 0.000000, 0.000000, 0.700000, 0.100000
9.19, 9.190000, 0.000000, 0.000000, 0.000000, 0.000000, 0.000000, 0.700000, 0.100000
9.2, 9.200000, 0.000000, 0.000000, 0.000000, 0.000000, 0.000000, 0.700000, 0.100000
9.21, 9.210000, 0.000000, 0.000000, 0.000000, 0.000000, 0.000000, 0.700000, 0.100000
9.22, 9.220000, 0.000000, 0.000000, 0.000000, 0.000000, 0.000000, 0.700000, 0.100000
9.23, 9.230000, 0.000000, 0.000000, 0.000000, 0.000000, 0.000000, 0.700000, 0.100000
9.24, 9.240000, 0.000000, 0.000000, 0.000000, 0.000000, 0.000000, 0.700000, 0.100000
9.25, 9.250000, 0.000000, 0.000000, 0.000000, 0.000000, 0.000000, 0.700000, 0.100000
9.26, 9.260000, 0.000000, 0.000000, 0.000000, 0.000000, 0.000000, 0.700000, 0.100000
9.27, 9.270000, 0.000000, 0.000000, 0.000000, 0.000000, 0.000000, 0.700000, 0.100000
9.28, 9.280000, 0.000000, 0.000000, 0.000000, 0.000000, 0.000000, 0.700000, 0.100000
9.29, 9.290000, 0.000000, 0.000000, 0.000000, 0.000000, 0.000000, 0.700000, 0.100000
9.3, 9.300000, 0.000000, 0.000000, 0.000000, 0.000000, 0.000000, 0.700000, 0.100000
9.31, 9.310000, 0.000000, 0.000000, 0.000000, 0.000000, 0.000000, 0.700000, 0.100000
9.32, 9.320000, 0.000000, 0.000000, 0.000000, 0.000000, 0.000000, 0.700000, 0.100000
9.33, 9.330000, 0.000000, 0.000000, 0.000000, 0.000000, 0.000000, 0.700000, 0.100000
9.34, 9.340000, 0.000000, 0.000000, 0.000000, 0.000000, 0.000000, 0.700000, 0.100000
9.35, 9.350000, 0.000000, 0.000000, 0.000000, 0.000000, 0.000000, 0.700000, 0.100000
9.36, 9.360000, 0.000000, 0.000000, 0.000000, 0.000000, 0.000000, 0.700000, 0.100000
9.37, 9.370000, 0.000000, 0.000000, 0.000000, 0.000000, 0.000000, 0.700000, 0.100000
9.38, 9.380000, 0.000000, 0.000000, 0.000000, 0.000000, 0.000000, 0.700000, 0.100000
9.39, 9.390000, 0.000000, 0.000000, 0.000000, 0.000000, 0.000000, 0.700000, 0.100000
9.4, 9.400000, 0.000000, 0.000000, 0.000000, 0.000000, 0.000000, 0.700000, 0.100000
9.41, 9.410000, 0.000000, 0.000000, 0.000000, 0.000000, 0.000000, 0.700000, 0.100000
9.42, 9.420000, 0.000000, 0.000000, 0.000000, 0.000000, 0.000000, 0.700000, 0.100000
9.43, 9.430000, 0.000000, 0.000000, 0.000000, 0.000000, 0.000000, 0.700000, 0.100000
9.44, 9.440000, 0.000000, 0.000000, 0.000000, 0.000000, 0.000000, 0.700000, 0.100000
9.45, 9.450000, 0.000000, 0.000000, 0.000000, 0.000000, 0.000000, 0.700000, 0.100000
9.46, 9.460000, 0.000000, 0.000000, 0.000000, 0.000000, 0.000000, 0.700000, 0.100000
9.47, 9.470000, 0.000000, 0.000000, 0.000000, 0.000000, 0.000000, 0.700000, 0.100000
9.48, 9.480000, 0.000000, 0.000000, 0.000000, 0.000000, 0.000000, 0.700000, 0.100000
9.49, 9.490000, 0.000000, 0.000000, 0.000000, 0.000000, 0.000000, 0.700000, 0.100000
9.5, 9.500000, 0.000000, 0.000000, 0.000000, 0.000000, 0.000000, 0.700000, 0.100000
9.51, 9.510000, 0.000000, 0.000000, 0.000000, 0.000000, 0.000000, 0.700000, 0.100000
9.52, 9.520000, 0.000000, 0.000000, 0.000000, 0.000000, 0.000000, 0.700000, 0.100000
9.53, 9.530000, 0.000000, 0.000000, 0.000000, 0.000000, 0.000000, 0.700000, 0.100000
9.54, 9.540000, 0.000000, 0.000000, 0.000000, 0.000000, 0.000000, 0.700000, 0.100000
9.55, 9.550000, 0.000000, 0.000000, 0.000000, 0.000000, 0.000000, 0.700000, 0.100000
9.56, 9.560000, 0.000000, 0.000000, 0.000000, 0.000000, 0.000000, 0.700000, 0.100000
9.57, 9.570000, 0.000000, 0.000000, 0.000000, 0.000000, 0.000000, 0.700000, 0.100000
9.58, 9.580000, 0.000000, 0.000000, 0.000000, 0.000000, 0.000000, 0.700000, 0.100000
9.59, 9.590000, 0.000000, 0.000000, 0.000000, 0.000000, 0.000000, 0.700000, 0.100000
9.6, 9.600000, 0.000000, 0.000000, 0.000000, 0.000000, 0.000000, 0.700000, 0.100000
9.61, 9.610000, 0.000000, 0.000000, 0.000000, 0.000000, 0.000000, 0.700000, 0.100000
9.62, 9.620000, 0.000000, 0.000000, 0.000000, 0.000000, 0.000000, 0.700000, 0.100000
9.63, 9.630000, 0.000000, 0.000000, 0.000000, 0.000000, 0.000000, 0.700000, 0.100000
9.64, 9.640000, 0.000000, 0.000000, 0.000000, 0.000000, 0.000000, 0.700000, 0.100000
9.65, 9.650000, 0.000000, 0.000000, 0.000000, 0.000000, 0.000000, 0.700000, 0.100000
9.66, 9.660000, 0.000000, 0.000000, 0.000000, 0.000000, 0.000000, 0.700000, 0.100000
9.67, 9.670000, 0.000000, 0.000000, 0.000000, 0.000000, 0.000000, 0.700000, 0.100000
9.68, 9.680000, 0.000000, 0.000000, 0.000000, 0.000000, 0.000000, 0.700000, 0.100000
9.69, 9.690000, 0.000000, 0.000000, 0.000000, 0.000000, 0.000000, 0.700000, 0.100000
9.7, 9.700000, 0.000000, 0.000000, 0.000000, 0.000000, 0.000000, 0.700000, 0.100000
9.71, 9.710000, 0.000000, 0.000000, 0.000000, 0.000000, 0.000000, 0.700000, 0.100000
9.72, 9.720000, 0.000000, 0.000000, 0.000000, 0.000000, 0.000000, 0.700000, 0.100000
9.73, 9.730000, 0.000000, 0.000000, 0.000000, 0.000000, 0.000000, 0.700000, 0.100000
9.74, 9.740000, 0.000000, 0.000000, 0.000000, 0.000000, 0.000000, 0.700000, 0.100000
9.75, 9.750000, 0.000000, 0.000000, 0.000000, 0.000000, 0.000000, 0.700000, 0.100000
9.76, 9.760000, 0.000000, 0.000000, 0.000000, 0.000000, 0.000000, 0.700000, 0.100000
9.77, 9.770000, 0.000000, 0.000000, 0.000000, 0.000000, 0.000000, 0.700000, 0.100000
9.78, 9.780000, 0.000000, 0.000000, 0.000000, 0.000000, 0.000000, 0.700000, 0.100000
9.79, 9.790000, 0.000000, 0.000000, 0.000000, 0.000000, 0.000000, 0.700000, 0.100000
9.8, 9.800000, 0.000000, 0.000000, 0.000000, 0.000000, 0.000000, 0.700000, 0.100000
9.81, 9.810000, 0.000000, 0.000000, 0.000000, 0.000000, 0.000000, 0.700000, 0.100000
9.82, 9.820000, 0.000000, 0.000000, 0.000000, 0.000000, 0.000000, 0.700000, 0.100000
9.83, 9.830000, 0.000000, 0.000000, 0.000000, 0.000000, 0.000000, 0.700000, 0.100000
9.84, 9.840000, 0.000000, 0.000000, 0.000000, 0.000000, 0.000000, 0.700000, 0.100000
9.85, 9.850000, 0.000000, 0.000000, 0.000000, 0.000000, 0.000000, 0.700000, 0.100000
9.86, 9.860000, 0.000000, 0.000000, 0.000000, 0.000000, 0.000000, 0.700000, 0.100000
9.87, 9.870000, 0.000000, 0.000000, 0.000000, 0.000000, 0.000000, 0.700000, 0.100000
9.88, 9.880000, 0.000000, 0.000000, 0.000000, 0.000000, 0.000000, 0.700000, 0.100000
9.89, 9.890000, 0.000000, 0.000000, 0.000000, 0.000000, 0.000000, 0.700000, 0.100000
9.9, 9.900000, 0.000000, 0.000000, 0.000000, 0.000000, 0.000000, 0.700000, 0.100000
9.91, 9.910000, 0.000000, 0.000000, 0.000000, 0.000000, 0.000000, 0.700000, 0.100000
9.92, 9.920000, 0.000000, 0.000000, 0.000000, 0.000000, 0.000000, 0.700000, 0.100000
9.93, 9.930000, 0.000000, 0.000000, 0.000000, 0.000000, 0.000000, 0.700000, 0.100000
9.94, 9.940000, 0.000000, 0.000000, 0.000000, 0.000000, 0.000000, 0.700000, 0.100000
9.95, 9.950000, 0.000000, 0.000000, 0.000000, 0.000000, 0.000000, 0.700000, 0.100000
9.96, 9.960000, 0.000000, 0.000000, 0.000000, 0.000000, 0.000000, 0.700000, 0.100000
9.97, 9.970000, 0.000000, 0.000000, 0.000000, 0.000000, 0.000000, 0.700000, 0.100000
9.98, 9.980000, 0.000000, 0.000000, 0.000000, 0.000000, 0.000000, 0.700000, 0.100000
9.99, 9.990000, 0.000000, 0.000000, 0.000000, 0.000000, 0.000000, 0.700000, 0.100000
10, 10.000000, 0.000000, 0.000000, 0.000000, 0.000000, 0.000000, 0.700000, 0.100000
