time, chassis::zChassis[REAL], wheel::zWheel[REAL], ground::zGround[REAL]
0, 1.000000, 0.500000, 0.000000
0.01, 1.000000, 0.500153, 0.000000
0.02, 1.000002, 0.500251, 0.000000
0.03, 1.000006, 0.500240, 0.000000
0.04, 1.000011, 0.500114, 0.000000
0.05, 1.000013, 0.499944, 0.000000
0.06, 1.000010, 0.499824, 0.000000
0.07, 1.000004, 0.499812, 0.000000
0.08, 0.999997, 0.499905, 0.000000
0.09, 0.999991, 0.500043, 0.000000
0.1, 0.999989, 0.500149, 0.000000
0.11, 0.999989, 0.500170, 0.000000
0.12, 0.999990, 0.500100, 0.000000
0.13, 0.999989, 0.499987, 0.000000
0.14, 0.999986, 0.499892, 0.000000
0.15, 0.999980, 0.499866, 0.000000
0.16, 0.999973, 0.499915, 0.000000
0.17, 0.999967, 0.500007, 0.000000
0.18, 0.999962, 0.500088, 0.000000
0.19, 0.999960, 0.500117, 0.000000
0.2, 0.999959, 0.500081, 0.000000
0.21, 0.999957, 0.500007, 0.000000
0.22, 0.999953, 0.499936, 0.000000
0.23, 0.999948, 0.499906, 0.000000
0.24, 0.999941, 0.499929, 0.000000
0.25, 0.999935, 0.499987, 0.000000
0.26, 0.999930, 0.500047, 0.000000
0.27, 0.999927, 0.500076, 0.000000
0.28, 0.999925, 0.500061, 0.000000
0.29, 0.999923, 0.500014, 0.000000
0.3, 0.999919, 0.499963, 0.000000
0.31, 0.999915, 0.499934, 0.000000
0.32, 0.999910, 0.499942, 0.000000
0.33, 0.999905, 0.499979, 0.000000
0.34, 0.999900, 0.500021, 0.000000
0.35, 0.999897, 0.500047, 0.000000
0.36, 0.999895, 0.500044, 0.000000
0.37, 0.999893, 0.500015, 0.000000
0.38, 0.999891, 0.499979, 0.000000
0.39, 0.999888, 0.499955, 0.000000
0.4, 0.999884, 0.499955, 0.000000
0.41, 0.999881, 0.499976, 0.000000
0.42, 0.999878, 0.500006, 0.000000
0.43, 0.999876, 0.500027, 0.000000
0.44, 0.999875, 0.500030, 0.000000
0.45, 0.999874, 0.500013, 0.000000
0.46, 0.999873, 0.499989, 0.000000
0.47, 0.999872, 0.499970, 0.000000
0.48, 0.999870, 0.499966, 0.000000
0.49, 0.999868, 0.499978, 0.000000
0.5, 0.999867, 0.499998, 0.000000
0.51, 0.999866, 0.500015, 0.000000
0.52, 0.999866, 0.500019, 0.000000
0.53, 0.999867, 0.500011, 0.000000
0.54, 0.999867, 0.499995, 0.000000
0.55, 0.999867, 0.499980, 0.000000
0.56, 0.999867, 0.499975, 0.000000
0.57, 0.999867, 0.499981, 0.000000
0.58, 0.999867, 0.499994, 0.000000
0.59, 0.999868, 0.500007, 0.000000
0.6, 0.999869, 0.500013, 0.000000
0.61, 0.999871, 0.500009, 0.000000
0.62, 0.999872, 0.499999, 0.000000
0.63, 0.999874, 0.499988, 0.000000
0.64, 0.999875, 0.499983, 0.000000
0.65, 0.999877, 0.499986, 0.000000
0.66, 0.999878, 0.499994, 0.000000
0.67, 0.999880, 0.500004, 0.000000
0.68, 0.999882, 0.500009, 0.000000
0.69, 0.999884, 0.500008, 0.000000
0.7, 0.999886, 0.500001, 0.000000
0.71, 0.999888, 0.499994, 0.000000
0.72, 0.999891, 0.499990, 0.000000
0.73, 0.999893, 0.499990, 0.000000
0.74, 0.999895, 0.499996, 0.000000
0.75, 0.999897, 0.500002, 0.000000
0.76, 0.999899, 0.500007, 0.000000
0.77, 0.999902, 0.500007, 0.000000
0.78, 0.999904, 0.500003, 0.000000
0.79, 0.999907, 0.499998, 0.000000
0.8, 0.999909, 0.499995, 0.000000
0.81, 0.999911, 0.499994, 0.000000
0.82, 0.999913, 0.499997, 0.000000
0.83, 0.999916, 0.500002, 0.000000
0.84, 0.999918, 0.500006, 0.000000
0.85, 0.999920, 0.500007, 0.000000
0.86, 0.999922, 0.500005, 0.000000
0.87, 0.999925, 0.500001, 0.000000
0.88, 0.999927, 0.499998, 0.000000
0.89, 0.999929, 0.499998, 0.000000
0.9, 0.999930, 0.499999, 0.000000
0.91, 0.999932, 0.500002, 0.000000
0.92, 0.999934, 0.500005, 0.000000
0.93, 0.999935, 0.500006, 0.000000
0.94, 0.999937, 0.500005, 0.000000
0.95, 0.999938, 0.500003, 0.000000
0.96, 0.999940, 0.500001, 0.000000
0.97, 0.999941, 0.500000, 0.000000
0.98, 0.999942, 0.500001, 0.000000
0.99, 0.999943, 0.500002, 0.000000
1, 0.999944, 0.500004, 0.100000
1.01, 0.999945, 0.503631, 0.100000
1.02, 1.000083, 0.526466, 0.100000
1.03, 1.000834, 0.571795, 0.100000
1.04, 1.002834, 0.625204, 0.100000
1.05, 1.006423, 0.664567, 0.100000
1.06, 1.011390, 0.674246, 0.100000
1.07, 1.017069, 0.654097, 0.100000
1.08, 1.022686, 0.618931, 0.100000
1.09, 1.027751, 0.589723, 0.100000
1.1, 1.032273, 0.582136, 0.100000
1.11, 1.036689, 0.598781, 0.100000
1.12, 1.041582, 0.629061, 0.100000
1.13, 1.047342, 0.656028, 0.100000
1.14, 1.053960, 0.665990, 0.100000
1.15, 1.061059, 0.655517, 0.100000
1.16, 1.068111, 0.632360, 0.100000
1.17, 1.074721, 0.610325, 0.100000
1.18, 1.080811, 0.601384, 0.100000
1.19, 1.086623, 0.609466, 0.100000
1.2, 1.092546, 0.629083, 0.100000
1.21, 1.098885, 0.649087, 0.100000
1.22, 1.105696, 0.659116, 0.100000
1.23, 1.112763, 0.655033, 0.100000
1.24, 1.119729, 0.640575, 0.100000
1.25, 1.126284, 0.624660, 0.100000
1.26, 1.132320, 0.616175, 0.100000
1.27, 1.137955, 0.619249, 0.100000
1.28, 1.143443, 0.631475, 0.100000
1.29, 1.149016, 0.645779, 0.100000
1.3, 1.154754, 0.654597, 0.100000
1.31, 1.160547, 0.653949, 0.100000
1.32, 1.166163, 0.645235, 0.100000
1.33, 1.171372, 0.634009, 0.100000
1.34, 1.176066, 0.626654, 0.100000
1.35, 1.180296, 0.626907, 0.100000
1.36, 1.184225, 0.634104, 0.100000
1.37, 1.188026, 0.643932, 0.100000
1.38, 1.191784, 0.651043, 0.100000
1.39, 1.195457, 0.651999, 0.100000
1.4, 1.198901, 0.646931, 0.100000
1.41, 1.201958, 0.639146, 0.100000
1.42, 1.204535, 0.633091, 0.100000
1.43, 1.206647, 0.631877, 0.100000
1.44, 1.208400, 0.635746, 0.100000
1.45, 1.209923, 0.642197, 0.100000
1.46, 1.211298, 0.647563, 0.100000
1.47, 1.212521, 0.649068, 0.100000
1.48, 1.213512, 0.646224, 0.100000
1.49, 1.214169, 0.640889, 0.100000
1.5, 1.214420, 0.636068, 0.100000
1.51, 1.214267, 0.634211, 0.100000
1.52, 1.213777, 0.635960, 0.100000
1.53, 1.213047, 0.639967, 0.100000
1.54, 1.212151, 0.643793, 0.100000
1.55, 1.211108, 0.645301, 0.100000
1.56, 1.209881, 0.643769, 0.100000
1.57, 1.208406, 0.640149, 0.100000
1.58, 1.206634, 0.636411, 0.100000
1.59, 1.204563, 0.634403, 0.100000
1.6, 1.202237, 0.634882, 0.100000
1.61, 1.199727, 0.637204, 0.100000
1.62, 1.197098, 0.639797, 0.100000
1.63, 1.194377, 0.641081, 0.100000
1.64, 1.191555, 0.640307, 0.100000
1.65, 1.188596, 0.637886, 0.100000
1.66, 1.185469, 0.635066, 0.100000
1.67, 1.182170, 0.633194, 0.100000
1.68, 1.178728, 0.632990, 0.100000
1.69, 1.175197, 0.634220, 0.100000
1.7, 1.171626, 0.635910, 0.100000
1.71, 1.168048, 0.636925, 0.100000
1.72, 1.164466, 0.636593, 0.100000
1.73, 1.160862, 0.635023, 0.100000
1.74, 1.157216, 0.632971, 0.100000
1.75, 1.153526, 0.631389, 0.100000
1.76, 1.149809, 0.630896, 0.100000
1.77, 1.146102, 0.631479, 0.100000
1.78, 1.142444, 0.632559, 0.100000
1.79, 1.138864, 0.633349, 0.100000
1.8, 1.135369, 0.633292, 0.100000
1.81, 1.131952, 0.632337, 0.100000
1.82, 1.128600, 0.630923, 0.100000
1.83, 1.125308, 0.629700, 0.100000
1.84, 1.122086, 0.629165, 0.100000
1.85, 1.118958, 0.629414, 0.100000
1.86, 1.115951, 0.630121, 0.100000
1.87, 1.113086, 0.630757, 0.100000
1.88, 1.110372, 0.630884, 0.100000
1.89, 1.107803, 0.630382, 0.100000
1.9, 1.105371, 0.629487, 0.100000
1.91, 1.103069, 0.628629, 0.100000
1.92, 1.100899, 0.628192, 0.100000
1.93, 1.098874, 0.628308, 0.100000
1.94, 1.097011, 0.628811, 0.100000
1.95, 1.095322, 0.629355, 0.100000
1.96, 1.093814, 0.629610, 0.100000
1.97, 1.092480, 0.629439, 0.100000
1.98, 1.091314, 0.628952, 0.100000
1.99, 1.090305, 0.628425, 0.100000
2, 1.089450, 0.628142, 0.100000
2.01, 1.088754, 0.628236, 0.100000
2.02, 1.088223, 0.628639, 0.100000
2.03, 1.087864, 0.629130, 0.100000
2.04, 1.087677, 0.629469, 0.100000
2.05, 1.087658, 0.629526, 0.100000
2.06, 1.087795, 0.629340, 0.100000
2.07, 1.088080, 0.629081, 0.100000
2.08, 1.088503, 0.628951, 0.100000
2.09, 1.089063, 0.629070, 0.100000
2.1, 1.089759, 0.629422, 0.100000
2.11, 1.090593, 0.629871, 0.100000
2.12, 1.091562, 0.630250, 0.100000
2.13, 1.092659, 0.630446, 0.100000
2.14, 1.093873, 0.630459, 0.100000
2.15, 1.095192, 0.630390, 0.100000
2.16, 1.096608, 0.630378, 0.100000
2.17, 1.098114, 0.630523, 0.100000
2.18, 1.099706, 0.630834, 0.100000
2.19, 1.101380, 0.631234, 0.100000
2.2, 1.103132, 0.631607, 0.100000
2.21, 1.104955, 0.631863, 0.100000
2.22, 1.106838, 0.631984, 0.100000
2.23, 1.108770, 0.632026, 0.100000
2.24, 1.110741, 0.632082, 0.100000
2.25, 1.112743, 0.632229, 0.100000
2.26, 1.114772, 0.632489, 0.100000
2.27, 1.116821, 0.632821, 0.100000
2.28, 1.118886, 0.633148, 0.100000
2.29, 1.120960, 0.633400, 0.100000
2.3, 1.123034, 0.633553, 0.100000
2.31, 1.125098, 0.633635, 0.100000
2.32, 1.127145, 0.633707, 0.100000
2.33, 1.129167, 0.633827, 0.100000
2.34, 1.131159, 0.634019, 0.100000
2.35, 1.133115, 0.634264, 0.100000
2.36, 1.135033, 0.634513, 0.100000
2.37, 1.136906, 0.634715, 0.100000
2.38, 1.138730, 0.634845, 0.100000
2.39, 1.140496, 0.634914, 0.100000
2.4, 1.142199, 0.634962, 0.100000
2.41, 1.143834, 0.635030, 0.100000
2.42, 1.145396, 0.635141, 0.100000
2.43, 1.146885, 0.635289, 0.100000
2.44, 1.148296, 0.635443, 0.100000
2.45, 1.149628, 0.635568, 0.100000
2.46, 1.150877, 0.635642, 0.100000
2.47, 1.152039, 0.635667, 0.100000
2.48, 1.153113, 0.635666, 0.100000
2.49, 1.154095, 0.635670, 0.100000
2.5, 1.154984, 0.635698, 0.100000
2.51, 1.155780, 0.635751, 0.100000
2.52, 1.156482, 0.635810, 0.100000
2.53, 1.157092, 0.635852, 0.100000
2.54, 1.157608, 0.635859, 0.100000
2.55, 1.158030, 0.635828, 0.100000
2.56, 1.158358, 0.635774, 0.100000
2.57, 1.158593, 0.635716, 0.100000
2.58, 1.158736, 0.635671, 0.100000
2.59, 1.158788, 0.635643, 0.100000
2.6, 1.158752, 0.635622, 0.100000
2.61, 1.158631, 0.635592, 0.100000
2.62, 1.158426, 0.635539, 0.100000
2.63, 1.158139, 0.635460, 0.100000
2.64, 1.157773, 0.635361, 0.100000
2.65, 1.157331, 0.635257, 0.100000
2.66, 1.156815, 0.635161, 0.100000
2.67, 1.156229, 0.635076, 0.100000
2.68, 1.155577, 0.634999, 0.100000
2.69, 1.154862, 0.634920, 0.100000
2.7, 1.154089, 0.634827, 0.100000
2.71, 1.153261, 0.634718, 0.100000
2.72, 1.152383, 0.634595, 0.100000
2.73, 1.151457, 0.634468, 0.100000
2.74, 1.150487, 0.634346, 0.100000
2.75, 1.149479, 0.634234, 0.100000
2.76, 1.148436, 0.634131, 0.100000
2.77, 1.147364, 0.634030, 0.100000
2.78, 1.146265, 0.633923, 0.100000
2.79, 1.145146, 0.633807, 0.100000
2.8, 1.144009, 0.633684, 0.100000
2.81, 1.142859, 0.633560, 0.100000
2.82, 1.141700, 0.633440, 0.100000
2.83, 1.140536, 0.633329, 0.100000
2.84, 1.139372, 0.633227, 0.100000
2.85, 1.138210, 0.633131, 0.100000
2.86, 1.137057, 0.633035, 0.100000
2.87, 1.135914, 0.632936, 0.100000
2.88, 1.134786, 0.632834, 0.100000
2.89, 1.133676, 0.632733, 0.100000
2.9, 1.132588, 0.632638, 0.100000
2.91, 1.131524, 0.632551, 0.100000
2.92, 1.130489, 0.632473, 0.100000
2.93, 1.129484, 0.632403, 0.100000
2.94, 1.128513, 0.632336, 0.100000
2.95, 1.127578, 0.632270, 0.100000
2.96, 1.126683, 0.632205, 0.100000
2.97, 1.125828, 0.632142, 0.100000
2.98, 1.125016, 0.632085, 0.100000
2.99, 1.124249, 0.632036, 0.100000
3, 1.123528, 0.631995, 0.100000
3.01, 1.122856, 0.631962, 0.100000
3.02, 1.122233, 0.631935, 0.100000
3.03, 1.121660, 0.631910, 0.100000
3.04, 1.121139, 0.631888, 0.100000
3.05, 1.120670, 0.631868, 0.100000
3.06, 1.120253, 0.631854, 0.100000
3.07, 1.119889, 0.631846, 0.100000
3.08, 1.119578, 0.631846, 0.100000
3.09, 1.119320, 0.631852, 0.100000
3.1, 1.119115, 0.631864, 0.100000
3.11, 1.118962, 0.631879, 0.100000
3.12, 1.118861, 0.631897, 0.100000
3.13, 1.118810, 0.631917, 0.100000
3.14, 1.118810, 0.631941, 0.100000
3.15, 1.118859, 0.631969, 0.100000
3.16, 1.118956, 0.632004, 0.100000
3.17, 1.119099, 0.632043, 0.100000
3.18, 1.119287, 0.632086, 0.100000
3.19, 1.119519, 0.632132, 0.100000
3.2, 1.119792, 0.632179, 0.100000
3.21, 1.120106, 0.632228, 0.100000
3.22, 1.120457, 0.632279, 0.100000
3.23, 1.120845, 0.632332, 0.100000
3.24, 1.121266, 0.632389, 0.100000
3.25, 1.121720, 0.632449, 0.100000
3.26, 1.122203, 0.632510, 0.100000
3.27, 1.122713, 0.632573, 0.100000
3.28, 1.123248, 0.632636, 0.100000
3.29, 1.123806, 0.632699, 0.100000
3.3, 1.124385, 0.632762, 0.100000
3.31, 1.124981, 0.632826, 0.100000
3.32, 1.125593, 0.632891, 0.100000
3.33, 1.126218, 0.632956, 0.100000
3.34, 1.126853, 0.633021, 0.100000
3.35, 1.127497, 0.633086, 0.100000
3.36, 1.128147, 0.633150, 0.100000
3.37, 1.128800, 0.633212, 0.100000
3.38, 1.129455, 0.633272, 0.100000
3.39, 1.130108, 0.633332, 0.100000
3.4, 1.130759, 0.633390, 0.100000
3.41, 1.131404, 0.633447, 0.100000
3.42, 1.132042, 0.633503, 0.100000
3.43, 1.132670, 0.633556, 0.100000
3.44, 1.133287, 0.633608, 0.100000
3.45, 1.133890, 0.633657, 0.100000
3.46, 1.134479, 0.633703, 0.100000
3.47, 1.135051, 0.633747, 0.100000
3.48, 1.135604, 0.633788, 0.100000
3.49, 1.136138, 0.633827, 0.100000
3.5, 1.136651, 0.633864, 0.100000
3.51, 1.137141, 0.633898, 0.100000
3.52, 1.137607, 0.633929, 0.100000
3.53, 1.138048, 0.633956, 0.100000
3.54, 1.138464, 0.633981, 0.100000
3.55, 1.138853, 0.634003, 0.100000
3.56, 1.139214, 0.634021, 0.100000
3.57, 1.139548, 0.634038, 0.100000
3.58, 1.139853, 0.634051, 0.100000
3.59, 1.140128, 0.634061, 0.100000
3.6, 1.140374, 0.634069, 0.100000
3.61, 1.140591, 0.634073, 0.100000
3.62, 1.140778, 0.634075, 0.100000
3.63, 1.140935, 0.634074, 0.100000
3.64, 1.141062, 0.634070, 0.100000
3.65, 1.141160, 0.634063, 0.100000
3.66, 1.141229, 0.634054, 0.100000
3.67, 1.141268, 0.634043, 0.100000
3.68, 1.141280, 0.634029, 0.100000
3.69, 1.141263, 0.634013, 0.100000
3.7, 1.141220, 0.633995, 0.100000
3.71, 1.141150, 0.633974, 0.100000
3.72, 1.141054, 0.633952, 0.100000
3.73, 1.140934, 0.633927, 0.100000
3.74, 1.140789, 0.633901, 0.100000
3.75, 1.140622, 0.633874, 0.100000
3.76, 1.140433, 0.633845, 0.100000
3.77, 1.140223, 0.633815, 0.100000
3.78, 1.139994, 0.633783, 0.100000
3.79, 1.139746, 0.633751, 0.100000
3.8, 1.139481, 0.633717, 0.100000
3.81, 1.139200, 0.633683, 0.100000
3.82, 1.138905, 0.633648, 0.100000
3.83, 1.138596, 0.633612, 0.100000
3.84, 1.138275, 0.633576, 0.100000
3.85, 1.137944, 0.633540, 0.100000
3.86, 1.137604, 0.633504, 0.100000
3.87, 1.137255, 0.633467, 0.100000
3.88, 1.136900, 0.633431, 0.100000
3.89, 1.136540, 0.633394, 0.100000
3.9, 1.136176, 0.633359, 0.100000
3.91, 1.135810, 0.633323, 0.100000
3.92, 1.135442, 0.633289, 0.100000
3.93, 1.135074, 0.633255, 0.100000
3.94, 1.134707, 0.633222, 0.100000
3.95, 1.134343, 0.633189, 0.100000
3.96, 1.133983, 0.633158, 0.100000
3.97, 1.133628, 0.633127, 0.100000
3.98, 1.133278, 0.633098, 0.100000
3.99, 1.132936, 0.633070, 0.100000
4, 1.132601, 0.633043, 0.100000
4.01, 1.132276, 0.633018, 0.100000
4.02, 1.131961, 0.632994, 0.100000
4.03, 1.131656, 0.632971, 0.100000
4.04, 1.131363, 0.632950, 0.100000
4.05, 1.131082, 0.632931, 0.100000
4.06, 1.130815, 0.632913, 0.100000
4.07, 1.130561, 0.632897, 0.100000
4.08, 1.130321, 0.632882, 0.100000
4.09, 1.130097, 0.632869, 0.100000
4.1, 1.129887, 0.632858, 0.100000
4.11, 1.129693, 0.632848, 0.100000
4.12, 1.129516, 0.632840, 0.100000
4.13, 1.129354, 0.632833, 0.100000
4.14, 1.129209, 0.632829, 0.100000
4.15, 1.129080, 0.632826, 0.100000
4.16, 1.128969, 0.632824, 0.100000
4.17, 1.128874, 0.632824, 0.100000
4.18, 1.128795, 0.632826, 0.100000
4.19, 1.128734, 0.632829, 0.100000
4.2, 1.128689, 0.632833, 0.100000
4.21, 1.128660, 0.632839, 0.100000
4.22, 1.128647, 0.632846, 0.100000
4.23, 1.128650, 0.632855, 0.100000
4.24, 1.128668, 0.632865, 0.100000
4.25, 1.128702, 0.632876, 0.100000
4.26, 1.128750, 0.632888, 0.100000
4.27, 1.128812, 0.632901, 0.100000
4.28, 1.128888, 0.632915, 0.100000
4.29, 1.128977, 0.632930, 0.100000
4.3, 1.129078, 0.632946, 0.100000
4.31, 1.129191, 0.632963, 0.100000
4.32, 1.129316, 0.632980, 0.100000
4.33, 1.129451, 0.632999, 0.100000
4.34, 1.129596, 0.633017, 0.100000
4.35, 1.129750, 0.633036, 0.100000
4.36, 1.129913, 0.633056, 0.100000
4.37, 1.130084, 0.633076, 0.100000
4.38, 1.130261, 0.633096, 0.100000
4.39, 1.130445, 0.633116, 0.100000
4.4, 1.130635, 0.633137, 0.100000
4.41, 1.130829, 0.633157, 0.100000
4.42, 1.131027, 0.633178, 0.100000
4.43, 1.131228, 0.633198, 0.100000
4.44, 1.131432, 0.633218, 0.100000
4.45, 1.131638, 0.633238, 0.100000
4.46, 1.131844, 0.633258, 0.100000
4.47, 1.132051, 0.633277, 0.100000
4.48, 1.132258, 0.633296, 0.100000
4.49, 1.132463, 0.633314, 0.100000
4.5, 1.132666, 0.633332, 0.100000
4.51, 1.132867, 0.633350, 0.100000
4.52, 1.133065, 0.633366, 0.100000
4.53, 1.133259, 0.633382, 0.100000
4.54, 1.133449, 0.633398, 0.100000
4.55, 1.133634, 0.633412, 0.100000
4.56, 1.133814, 0.633426, 0.100000
4.57, 1.133987, 0.633439, 0.100000
4.58, 1.134155, 0.633451, 0.100000
4.59, 1.134315, 0.633462, 0.100000
4.6, 1.134469, 0.633473, 0.100000
4.61, 1.134615, 0.633482, 0.100000
4.62, 1.134753, 0.633491, 0.100000
4.63, 1.134882, 0.633499, 0.100000
4.64, 1.135004, 0.633505, 0.100000
4.65, 1.135116, 0.633511, 0.100000
4.66, 1.135220, 0.633516, 0.100000
4.67, 1.135314, 0.633520, 0.100000
4.68, 1.135399, 0.633523, 0.100000
4.69, 1.135475, 0.633525, 0.100000
4.7, 1.135542, 0.633527, 0.100000
4.71, 1.135599, 0.633527, 0.100000
4.72, 1.135647, 0.633526, 0.100000
4.73, 1.135686, 0.633525, 0.100000
4.74, 1.135715, 0.633523, 0.100000
4.75, 1.135735, 0.633520, 0.100000
4.76, 1.135745, 0.633516, 0.100000
4.77, 1.135747, 0.633512, 0.100000
4.78, 1.135740, 0.633506, 0.100000
4.79, 1.135725, 0.633500, 0.100000
4.8, 1.135701, 0.633494, 0.100000
4.81, 1.135670, 0.633487, 0.100000
4.82, 1.135630, 0.633479, 0.100000
4.83, 1.135583, 0.633471, 0.100000
4.84, 1.135529, 0.633462, 0.100000
4.85, 1.135468, 0.633453, 0.100000
4.86, 1.135400, 0.633443, 0.100000
4.87, 1.135327, 0.633433, 0.100000
4.88, 1.135247, 0.633423, 0.100000
4.89, 1.135163, 0.633412, 0.100000
4.9, 1.135073, 0.633401, 0.100000
4.91, 1.134979, 0.633390, 0.100000
4.92, 1.134880, 0.633379, 0.100000
4.93, 1.134778, 0.633367, 0.100000
4.94, 1.134673, 0.633356, 0.100000
4.95, 1.134565, 0.633344, 0.100000
4.96, 1.134455, 0.633333, 0.100000
4.97, 1.134342, 0.633321, 0.100000
4.98, 1.134228, 0.633310, 0.100000
4.99, 1.134113, 0.633299, 0.100000
5, 1.133997, 0.633287, 0.100000
